name,location,continent,designer,construction,restraint,opening_year,launch,type,height,inversions,speed,length,score
Steel Vengeance,Cedar Point,North America,RMC,Hybrid,Lap bar,2018,Chain lift hill,,206.6904,4,73.943149,5741.4,100
Fury 325,Carowinds,North America,B&M,Steel,Lap bar,2015,Chain lift hill,"Giga, Hyper",324.7992,0,95.069763,6600.9696,99.5
Maverick,Cedar Point,North America,Intamin,Steel,Shoulder harness,2007,Magnetic Launch (LIM/LSM),Rocket,104.9856,2,70.214923,4448.7648,99.2
Twisted Timbers,Kings Dominion,North America,RMC,Hybrid,Lap bar,2018,Chain lift hill,Looper,111.5472,3,54.059277,3359.5392,99.1
El Toro,Six Flags Great Adventure,North America,Intamin,Wooden,Lap bar,2006,Cable lift hill,Twister,180.444,0,70.214923,4399.5528,98.9
Wildfire,Kolmården,Europe,RMC,Wooden,Lap bar,2016,Chain lift hill,"Twister, Terrain",187.0056,3,70.214923,4265.04,98.8
Eejanaika,Fuji-Q Highland,Asia,S&S,Steel,Shoulder harness,2006,Chain lift hill,,249.3408,2,78.292746,3782.7624,98.8
Lightning Rod,Dollywood,North America,RMC,Wooden,Lap bar,2016,Magnetic Launch (LIM/LSM),,164.04,0,73.321778,3799.1664,98.8
Twisted Colossus,Six Flags Magic Mountain,North America,RMC,Hybrid,Lap bar,2015,Chain lift hill,,121.3896,2,57.166132,4986.816,98.8
Shambhala,Port Aventura,Europe,B&M,Steel,Lap bar,2012,Chain lift hill,Hyper,249.3408,0,83.263714,5131.1712,98.2
Hyperion,Energylandia,Europe,Intamin,Steel,Lap bar,2018,Chain lift hill,"Hyper, Out & Back",252.6216,1,86.99194,4757.16,98.2
Taron,Phantasialand,Europe,Intamin,Steel,Lap bar,2016,Magnetic Launch (LIM/LSM),,98.424,0,72.700407,4330.656,98.1
Wicked Cyclone,Six Flags New England,North America,RMC,Hybrid,Lap bar,2015,Chain lift hill,,108.2664,3,55.302019,3320.1696,98
Expedition Ge Force,Holiday Park,Europe,Intamin,Steel,Lap bar,2001,Cable lift hill,Megacoaster,173.8824,0,74.56452,4002.576,97.9
Helix,Liseberg,Europe,Mack,Steel,Lap bar,2014,Magnetic Launch (LIM/LSM),"Looper, Terrain",134.5128,7,62.1371,4530.7848,97.8
Wonder Woman Golden Lasso,Six Flags Fiesta Texas,North America,RMC,Steel,Lap bar,2018,Chain lift hill,"Looper, Raptor",114.828,3,52.195164,1804.44,97.5
Storm Chaser,Kentucky Kingdom,North America,RMC,Steel,Lap bar,2016,Chain lift hill,,101.7048,3,52.195164,2742.7488,97.3
Outlaw Run,Silver Dollar City,North America,RMC,Hybrid,Lap bar,2013,Chain lift hill,,164.04,2,68.35081,,97.1
Twisted Cyclone,Six Flags Over Georgia,North America,RMC,Hybrid,Lap bar,2018,Chain lift hill,,101.7048,3,50.331051,2401.5456,97
Top Thrill Dragster,Cedar Point,North America,Intamin,Steel,Lap bar,2003,Hydraulic cable launch,"Rocket, Strata",419.9424,0,119.303232,2798.5224,96.9
Lech Coaster,Legendia,Europe,Vekoma,Steel,Vest restraint,2017,Chain lift hill,Looper,131.232,0,59.030245,2978.9664,96.8
Goliath,Six Flags Great America,North America,RMC,Wooden,Lap bar,2014,Chain lift hill,Twister,180.444,2,71.457665,3116.76,96.7
Iron Rattler,Six Flags Fiesta Texas,North America,RMC,Hybrid,Lap bar,2013,Chain lift hill,,180.444,1,70.214923,3267.6768,96.5
X2,Six Flags Magic Mountain,North America,Arrow,Steel,Shoulder harness,2002,Chain lift hill,,173.8824,6,75.807262,3608.88,96.1
iSpeed,Mirabilandia,Europe,Intamin,Steel,Shoulder harness,2009,Magnetic Launch (LIM/LSM),Rocket,180.444,3,74.56452,3280.8,95.9
Katun,Mirabilandia,Europe,B&M,Steel,Shoulder harness,2000,Chain lift hill,,164.04,6,64.622584,3936.96,95.8
Intimidator 305,Kings Dominion,North America,Intamin,Steel,Shoulder harness,2010,Cable lift hill,Giga,305.1144,0,90.098795,5101.644,95.8
Flying Dinosaur,Universal Studios Japan,Asia,B&M,Steel,Flying restraint,2016,Chain lift hill,,124.6704,5,,3687.6192,95.8
Flying Aces,Ferrari World,Asia,Intamin,Steel,Lap bar,2016,Cable lift hill,,206.6904,1,74.56452,4921.2,95.4
Phoenix,Knoebels,North America,Philadelphia Toboggan Coaster,Wooden,Lap bar,1985,Chain lift hill,Out & Back,78.7392,0,44.738712,3198.78,95.3
Time Traveler,Silver Dollar City,North America,Mack,Steel,Lap bar,2018,Magnetic Launch (LIM/LSM),Launched Spinning,98.424,3,49.70968,3018.336,95.2
Millennium Force,Cedar Point,North America,Intamin,Steel,Lap bar,2000,Cable lift hill,Giga,308.3952,0,93.20565,6594.408,95.2
Mako,SeaWorld Orlando,North America,B&M,Steel,Lap bar,2016,Chain lift hill,"Hyper, Out & Back",200.1288,0,71.457665,4757.16,94.9
Griffon,Busch Gardens Williamsburg,North America,B&M,Steel,Shoulder harness,2007,Chain lift hill,Dive,203.4096,2,74.56452,3116.76,94.6
Goliath,Walibi Holland,Europe,Intamin,Steel,Lap bar,2002,Cable lift hill,Megacoaster,154.1976,0,65.865326,3982.8912,94.5
Joker,Six Flags Discovery Kingdom,North America,RMC,Hybrid,Lap bar,2016,Chain lift hill,,101.7048,3,52.816535,3198.78,94.3
Balder,Liseberg,Europe,Intamin,Wooden,Lap bar,2003,Chain lift hill,Twister,118.1088,0,55.92339,3510.456,94.3
Lightning Run,Kentucky Kingdom,North America,Chance Rides,Steel,Lap bar,2014,Chain lift hill,,101.7048,0,55.92339,2509.812,94
Nemesis,Alton Towers,Europe,B&M,Steel,Shoulder harness,,Chain lift hill,Terrain,42.6504,4,50.331051,2349.0528,93.9
Schwur des Kärnan,Hansa Park,Europe,Gerstlauer,Steel,Lap bar,2015,Chain lift hill,Infinity,239.4984,1,78.914117,4051.788,93.6
OzIris,Parc Asterix,Europe,B&M,Steel,Shoulder harness,2012,Chain lift hill,,131.232,5,56.544761,3280.8,93.6
Goliath,Six Flags Over Georgia,North America,B&M,Steel,Lap bar,2006,Chain lift hill,Hyper,200.1288,0,69.593552,4478.292,93.4
New Texas Giant,Six flags Over Texas,North America,RMC,Hybrid,Lap bar,2011,Chain lift hill,,154.1976,0,65.243955,4199.424,93.2
Fenix,Toverland,Europe,B&M,Steel,Vest restraint,2018,Chain lift hill,,131.232,3,59.030245,2667.2904,92.8
Superman : the Ride,Six Flags New England,North America,Intamin,Steel,Lap bar,2000,Chain lift hill,Megacoaster,206.6904,0,77.050004,5400.1968,92.8
Montu,Busch Gardens Tampa,North America,B&M,Steel,Shoulder harness,1996,Chain lift hill,,150.9168,7,59.651616,3982.8912,92.7
SheiKra,Busch Gardens Tampa,North America,B&M,Steel,Shoulder harness,2005,Chain lift hill,Dive,200.1288,1,70.214923,3188.9376,92.5
Xcelerator,Knott's Berry Farm,North America,Intamin,Steel,Lap bar,2002,Hydraulic cable launch,Rocket,203.4096,0,82.020972,2201.4168,92.4
Skyrush,Hersheypark,North America,Intamin,Steel,Shoulder harness,2012,Cable lift hill,Megacoaster,196.848,0,74.56452,3608.88,92.4
Tron Lightcycle Power Run,Shanghaï Disneyland,Asia,Vekoma,Steel,Shoulder harness,2016,Magnetic Launch (LIM/LSM),,78.7392,0,59.030245,3182.376,92.3
Afterburn,Carowinds,North America,B&M,Steel,Shoulder harness,1999,Chain lift hill,,111.5472,6,62.1371,2952.72,92.2
Tatsu,Six Flags Magic Mountain,North America,B&M,Steel,Flying restraint,2006,Chain lift hill,,170.6016,4,62.1371,3599.0376,92.1
Superman la Atraccion de Acero,Parque Warner Madrid,Europe,B&M,Steel,Shoulder harness,2002,Chain lift hill,,164.04,7,65.243955,3936.96,92
Kingda Ka,Six Flags Great Adventure,North America,Intamin,Steel,Shoulder harness,2005,Hydraulic cable launch,"Rocket, Strata",456.0312,0,128.002426,3116.76,91.9
Nitro,Six Flags Great Adventure,North America,B&M,Steel,Lap bar,2001,Chain lift hill,Hyper,229.656,0,79.535488,5393.6352,91.6
Thunderbird,Holiday World,North America,B&M,Steel,Shoulder harness,2015,Magnetic Launch (LIM/LSM),,141.0744,4,62.1371,3034.74,91.1
Manta,SeaWorld Orlando,North America,B&M,Steel,Flying restraint,2009,Chain lift hill,,141.0744,4,60.272987,3359.5392,90.9
Kawasemi,Tobu Zoo Park,Asia,Intamin,Steel,,2008,Cable lift hill,Megalite,104.9856,0,54.059277,2460.6,90.8
Piraten,Djurs Sommerland,Europe,Intamin,Steel,Lap bar,2008,Chain lift hill,Megalite,104.9856,0,55.92339,2477.004,90.8
GateKeeper,Cedar Point,North America,B&M,Steel,Flying restraint,2013,Chain lift hill,,170.6016,6,67.108068,4163.3352,90.5
Black Mamba,Phantasialand,Europe,B&M,Steel,Shoulder harness,2006,Chain lift hill,,85.3008,4,49.70968,,90.3
Do-Dodonpa,Fuji-Q Highland,Asia,S&S,Steel,Lap bar,2001,Compressed air launch,Air Powered,170.6016,0,106.875812,3900.8712,90.2
The Monster,Walygator Parc,Europe,B&M,Steel,Shoulder harness,2010,Chain lift hill,,137.7936,6,57.166132,3936.96,90.1
Alpina Blitz,Nigloland,Europe,Mack,Steel,Lap bar,,Chain lift hill,Megacoaster,98.424,0,62.1371,2624.64,89.9
Alpengeist,Busch Gardens Williamsburg,North America,B&M,Steel,Shoulder harness,1997,Chain lift hill,,196.848,6,67.108068,,89.9
Troy,Toverland,Europe,GCI,Wooden,Lap bar,2007,Chain lift hill,Twister,114.828,0,,3280.8,89.5
Ravine Flyer II,Waldameer,North America,Gravity Group,Hybrid,Lap bar,2008,Chain lift hill,Twister,78.7392,0,56.544761,2900.2272,89.2
Icon,Blackpool Pleasure Beach,Europe,Mack,Steel,Lap bar,2018,Magnetic Launch (LIM/LSM),Looper,88.5816,1,49.70968,3749.9544,89.1
Battlestar Galactica - CYLON,Universal Studios Singapore,Asia,Vekoma,Steel,Shoulder harness,2010,Electrical lift hill,,137.7936,0,55.92339,,89
Stealth,Thorpe Park,Europe,Intamin,Steel,Shoulder harness,2006,Hydraulic cable launch,Rocket,206.6904,0,83.885085,1312.32,88.9
Superman Krypton Coaster,Six Flags Fiesta Texas,North America,B&M,Steel,Shoulder harness,2000,Chain lift hill,,167.3208,6,70.214923,4025.5416,88.6
Behemoth,Canada's Wonderland,North America,B&M,Steel,Lap bar,2008,Chain lift hill,Hyper,229.656,0,77.050004,5318.1768,88.5
Wodan : Timbur Coaster,Europa Park,Europe,GCI,Wooden,Lap bar,2012,Chain lift hill,Twister,114.828,0,62.1371,3444.84,88.5
Red Force,Ferrari Land,Europe,Intamin,Steel,Lap bar,2017,Magnetic Launch (LIM/LSM),"Rocket, Strata",367.4496,0,114.953635,2887.104,88.3
Apollo's Chariot,Busch Gardens Williamsburg,North America,B&M,Steel,Lap bar,1999,Chain lift hill,Hyper,170.6016,0,73.321778,4881.8304,88
Full Throttle,Six Flags Magic Mountain,North America,Premier Rides,Steel,Lap bar,2013,Magnetic Launch (LIM/LSM),Launched Looping,157.4784,2,69.593552,2198.136,88
Storm Runner,Hersheypark,North America,Intamin,Steel,Shoulder harness,2004,Hydraulic cable launch,Rocket,183.7248,3,74.56452,2644.3248,88
Mystic Timbers,Kings Island,North America,GCI,Wooden,Lap bar,2017,Chain lift hill,Twister,108.2664,0,52.816535,3264.396,87.8
Junker,PowerPark,Europe,Gerstlauer,Infinity,Lap bar,2015,Magnetic Launch (LIM/LSM),,131.232,3,64.622584,2821.488,87.4
Revenge of the Mummy,Universal Studios Florida,North America,Premier Rides,Steel,Lap bar,2004,Magnetic Launch (LIM/LSM),Launched Indoor,45.9312,0,40.389115,2198.136,87.4
Talon,Dorney Park,North America,B&M,Steel,Shoulder harness,2001,Chain lift hill,,134.5128,4,57.787503,3116.76,87.3
Mr Freeze Reverse Blast,Six flags Over Texas,North America,Premier Rides,Steel,Lap bar,1998,Magnetic Launch (LIM/LSM),Shuttle,216.5328,1,70.214923,1299.1968,87.1
Colossos,Heide Park,Europe,Intamin,Wooden,Lap bar,2001,Chain lift hill,Out & Back,167.3208,0,68.35081,4921.2,86.9
Cheetah Hunt,Busch Gardens Tampa,North America,Intamin,Steel,Shoulder harness,2011,Magnetic Launch (LIM/LSM),Rocket,101.7048,1,60.272987,4429.08,86.8
Harry Potter and the Escape from Gringotts,Universal Studios Florida,North America,Intamin,Steel,Lap bar,2014,Magnetic Launch (LIM/LSM),Dark Ride,,0,,,86.8
Mr. Freeze Reverse Blast,Six Flags St Louis,North America,Premier Rides,Steel,Lap bar,1998,Magnetic Launch (LIM/LSM),,216.5328,1,70.214923,1299.1968,86.8
Diamondback,Kings Island,North America,B&M,Steel,Lap bar,2009,Chain lift hill,Hyper,229.656,0,80.156859,5282.088,86.3
Galactica,Alton Towers,Europe,B&M,Steel,Flying restraint,2002,Chain lift hill,,65.616,3,46.602825,2755.872,86.2
Fluch Von Novgorod,Hansa Park,Europe,Gerstlauer,Steel,Shoulder harness,2009,"Chain lift hill, Magnetic Launch (LIM/LSM)",Euro-Fighter,131.232,1,62.1371,,86.1
Goliath,La Ronde,North America,B&M,Steel,Lap bar,2006,Chain lift hill,Hyper,173.8824,0,68.35081,4038.6648,85.8
Blue Fire,Europa Park,Europe,Mack,Steel,Lap bar,2009,Magnetic Launch (LIM/LSM),Looper,124.6704,4,62.1371,3464.5248,85.7
Beast,Kings Island,North America,Charlie Dinn,Wooden,Lap bar,1979,Chain lift hill,,111.5472,0,64.622584,7358.8344,85.7
Patriot,Worlds of Fun,North America,B&M,Steel,Shoulder harness,2006,Chain lift hill,,150.9168,4,59.651616,3080.6712,85.5
Incredible Hulk,Universal Studios Islands of Adventure,North America,B&M,Steel,Shoulder harness,,Tire propelled launch,Looper,108.2664,7,66.486697,3697.4616,85.5
Kumba,Busch Gardens Tampa,North America,B&M,Steel,Shoulder harness,1993,Chain lift hill,Looper,141.0744,7,59.651616,3969.768,85.4
Baron 1898,Efteling,Europe,B&M,Steel,Shoulder harness,2015,Chain lift hill,Dive,124.6704,2,55.92339,1640.4,85.3
Medusa,Six Flags Discovery Kingdom,North America,B&M,Steel,Shoulder harness,2000,Chain lift hill,,150.9168,7,65.243955,3936.96,85.2
Incredicoaster,Disney California Adventure,North America,Intamin,Steel,Shoulder harness,2001,Magnetic Launch (LIM/LSM),Looper,108.2664,1,54.680648,6069.48,85.2
Mine Blower,Fun Spot Kissimmee,North America,Gravity Group,Wooden,Lap bar,2017,Chain lift hill,,82.02,1,48.466938,2289.9984,84.9
Lost Gravity,Walibi Holland,Europe,Mack,Steel,Lap bar,2016,Chain lift hill,BigDipper,104.9856,2,54.059277,2230.944,84.9
Stunt Fall,Parque Warner Madrid,Europe,Vekoma,Steel,Shoulder harness,2002,Cable lift hill,Multielement Inverted Shuttle,190.2864,3,65.865326,1204.0536,84.7
Oblivion - The Black Hole,Gardaland,Europe,B&M,Steel,Shoulder harness,2015,Chain lift hill,Dive,141.0744,2,62.1371,1856.9328,84.6
PowderKeg,Silver Dollar City,North America,S&S,Steel,Lap bar,,"Chain lift hill, Compressed air launch",Air Powered,98.424,0,62.1371,3503.8944,84.3
Raptor,Gardaland,Europe,B&M,Steel,Shoulder harness,2011,Chain lift hill,,108.2664,3,55.92339,2526.216,84.2
Wildfire,Silver Dollar City,North America,B&M,Steel,Shoulder harness,,Chain lift hill,Looper,121.3896,5,65.865326,3074.1096,84.2
Verbolten,Busch Gardens Williamsburg,North America,Zierer,Steel,Lap bar,2012,Magnetic Launch (LIM/LSM),Launched,,0,52.816535,2834.6112,84.1
Hair Raiser,Ocean Park,Asia,B&M,Steel,Shoulder harness,,Chain lift hill,Looper,114.828,4,55.92339,2788.68,84.1
Expedition Everest,Disney's Animal Kingdom,North America,Vekoma,Steel,Lap bar,2006,Chain lift hill,Freeform Mine Train,111.5472,0,49.70968,4399.5528,84
Star Trek: Operation Enterprise,Movie Park Germany,Europe,Mack,Steel,Lap bar,2017,Magnetic Launch (LIM/LSM),Looper,147.636,3,55.92339,2362.176,83.9
Revenge of the Mummy,Universal Studios Singapore,Asia,Premier Rides,Steel,Shoulder harness,2010,Magnetic Launch (LIM/LSM),Indoor Launched,45,0,44.738712,2198.136,83.9
Monster,Adventureland,North America,Gerstlauer,Steel,Lap bar,2016,Chain lift hill,Infinity,134.5128,5,65.243955,2499.9696,83.8
El Toro,Freizeitpark Plohn,Europe,GCI,Wooden,Lap bar,2009,Chain lift hill,Twister,91.8624,0,46.602825,2460.6,83.8
Olympia looping,Foire,Asia,Schwarzkopf,Steel,Shoulder harness,1989,Booster wheel lift hill,Looper,124.6704,5,49.70968,4101,83.5
Kraken,SeaWorld Orlando,North America,B&M,Steel,Shoulder harness,2000,Chain lift hill,,150.9168,7,65.243955,4176.4584,83.5
Karacho,Tripsdrill,Europe,Gerstlauer,Steel,Lap bar,2013,Magnetic Launch (LIM/LSM),Infinity,104.9856,0,62.1371,2296.56,83.5
Oblivion,Alton Towers,Europe,B&M,Steel,Shoulder harness,1998,Chain lift hill,Dive,65.616,0,68.35081,1220.4576,83.2
"Volcano, the Blast Coaster",Kings Dominion,North America,Intamin,Steel,Shoulder harness,1998,Magnetic Launch (LIM/LSM),,154.1976,4,69.593552,2755.872,83.2
Intimidator,Carowinds,North America,B&M,Steel,Lap bar,2010,,Hyper,232.9368,0,74.56452,5314.896,83.2
Big Grizzly Mountain Runaway Mine Cars,Hong Kong Disneyland,Asia,Vekoma,Steel,Lap bar,2012,"Chain lift hill, Magnetic Launch (LIM/LSM)",Mine Train,,0,34.796776,3608.88,83
The Swarm,Thorpe Park,Europe,B&M,Steel,Shoulder harness,2012,Chain lift hill,,127.9512,4,,2542.62,82.8
Formuła,Energylandia,Europe,Vekoma,Steel,Shoulder harness,,Magnetic Launch (LIM/LSM),Looper,82.02,3,49.088309,1837.248,82.7
Formula Rossa,Ferrari World,Asia,Intamin,Steel,Lap bar,2010,Hydraulic cable launch,Launched,170.6016,0,149.12904,6561.6,82.7
Raptor,Cedar Point,North America,B&M,Steel,Shoulder harness,1994,Chain lift hill,,137.7936,6,57.166132,3789.324,82.5
Silverstar,Europa Park,Europe,B&M,Steel,Lap bar,,Chain lift hill,"Hyper, Out & Back",239.4984,0,78.914117,5314.896,82.4
Boulder Dash,Lake Compounce,North America,CCI,Wooden,Lap bar,2000,Chain lift hill,Out & Back,114.828,0,60.272987,4724.352,82.4
Leviathan,Canada's Wonderland,North America,B&M,Steel,Lap bar,2012,Chain lift hill,"Giga, Hyper",305.1144,0,91.962908,5485.4976,82
Dragon Khan,Port Aventura,Europe,B&M,Steel,Shoulder harness,1995,Chain lift hill,Looper,147.636,8,65.243955,4166.616,81.9
Gold Rush,Attractiepark Slagharen,Europe,Gerstlauer,Steel,Lap bar,2017,Magnetic Launch (LIM/LSM),Infinity,108.2664,2,55.92339,1312.32,81.9
Yukon Quad,Le Pal,Europe,Intamin,Steel,Lap bar,2018,Tire propelled launch,Family Launch Coaster,39.3696,0,52.816535,3280.8,81.6
Hollywood Dream : The Ride,Universal Studios Japan,Asia,B&M,Steel,Lap bar,2007,Chain lift hill,Megacoaster,144.3552,0,55.92339,3936.96,81.5
Flug der Dämonen,Heide Park,Europe,B&M,Steel,Flying restraint,2014,Chain lift hill,,164.04,5,62.1371,2532.7776,81.5
Joris en de Draak (Vuur),Efteling,Europe,GCI,Wooden,Lap bar,2010,Chain lift hill,Twister,72.1776,0,46.602825,2585.2704,81.4
Flight Deck,California's Great America,North America,B&M,Steel,Lap bar,1993,Chain lift hill,,101.7048,3,50.331051,2260.4712,81.4
The Smiler,Alton Towers,Europe,Gerstlauer,Steel,Lap bar,2013,Chain lift hill,Infinity,98.424,14,52.816535,3838.536,81.3
Wild Eagle,Dollywood,North America,B&M,Steel,Shoulder harness,2012,Chain lift hill,,209.9712,4,60.894358,3126.6024,81.1
Joris en de Draak (Water),Efteling,Europe,GCI,Wooden,Lap bar,2010,Chain lift hill,Twister,72.1776,0,46.602825,2585.2704,80.3
Shock,Rainbow MagicLand,Europe,Maurer,Steel,Lap bar,2011,Magnetic Launch (LIM/LSM),Looper,114.828,1,62.1371,2460.6,80.3
Superman - Ride Of Steel,Six Flags America,North America,Intamin,Steel,Lap bar,2000,Chain lift hill,Megacoaster,196.848,0,72.700407,5347.704,80.2
Timber,Walibi Rhône Alpes,Europe,Gravity Group,Wooden,Lap bar,2016,Chain lift hill,Twister,55.7736,0,40.389115,1463.2368,79.2
Lisebergbanan,Liseberg,Europe,Schwarzkopf,Steel,Lap bar,1987,Chain lift hill,Terrain,147.636,0,49.70968,5078.6784,79
Silver Bullet,Knott's Berry Farm,North America,B&M,Steel,Shoulder harness,2004,Chain lift hill,,147.636,6,55.302019,3126.6024,79
Anubis,Plopsaland,Europe,Gerstlauer,Steel,Shoulder harness,,Magnetic Launch (LIM/LSM),Looper,111.5472,3,55.92339,1968.48,78.9
Great Bear,Hersheypark,North America,B&M,Steel,Shoulder harness,1998,Chain lift hill,,88.5816,4,57.787503,2798.5224,78.9
Rutschebanen,Tivoli Gardens,Europe,L.A. Thompson Scenic Railway,Wooden,Lap bar,,Cable lift hill,Out & Back,42.6504,0,31.06855,2362.176,78.4
Hangtime,Knott's Berry Farm,North America,Gerstlauer,Steel,Lap bar,,Chain lift hill,"Looper, Infinity",150.9168,4,57.166132,2198.136,78.4
Thunder dolphin,Tokyo dome city,Asia,Intamin,Steel,Lap bar,2003,Cable lift hill,Hyper,262.464,0,80.77823,3510.456,78.3
Inferno,CineCittà World,Europe,Intamin,Steel,None,,,"Family, Free Fall",65.616,0,,1499.3256,78.3
Dominator,Kings Dominion,North America,B&M,Steel,Shoulder harness,2008,Chain lift hill,,157.4784,5,65.243955,4209.2664,78.1
Fahrenheit,Hersheypark,North America,Intamin,Steel,Lap bar,2008,Chain lift hill,Looper,121.3896,6,57.787503,2700.0984,78.1
The Voyage,Holiday World,North America,Gravity Group,Wooden,Lap bar,2006,Chain lift hill,Twister,160.7592,0,67.108068,6440.2104,77.8
Wood Express,Parc Saint Paul,Europe,Gravity Group,Hybrid,Lap bar,2018,Chain lift hill,"Twister, Family",49.212,0,37.903631,1571.5032,77.6
Altair,CineCittà World,Europe,Intamin,,None,2014,,,108.2664,0,52.816535,2870.7,77.3
Pulsar,Walibi Belgium,Europe,Mack,Steel,Lap bar,,Magnetic Launch (LIM/LSM),Shuttle,147.636,0,62.1371,711.9336,77.2
Krake,Heide Park,Europe,B&M,Steel,Shoulder harness,2011,Chain lift hill,Dive,134.5128,1,,1561.6608,77
Batman : Arkham Asylum,Parque Warner Madrid,Europe,B&M,Steel,Shoulder harness,2002,Chain lift hill,Batman Inverted Coaster,104.9856,5,49.70968,2700.0984,76.9
Superman - Ultimate Flight,Six Flags Great Adventure,North America,B&M,Steel,Flying restraint,2003,Chain lift hill,,104.9856,2,50.952422,2759.1528,76.7
Banshee,Kings Island,North America,B&M,Steel,Shoulder harness,2014,Chain lift hill,,167.3208,7,68.35081,4133.808,76.5
Dæmonen,Tivoli Gardens,Europe,B&M,Steel,Shoulder harness,,Chain lift hill,Looper,91.8624,3,47.845567,1850.3712,76.3
Bizarro,Six Flags Great Adventure,North America,B&M,Steel,Shoulder harness,1999,Chain lift hill,,141.0744,7,60.894358,3982.8912,76.1
Twister,Gröna Lund,Europe,Gravity Group,Wooden,Lap bar,2011,Chain lift hill,Twister,49.212,0,37.903631,1574.784,76.1
Megafobia,Oakwood,Europe,CCI,Wooden,Lap bar,1996,Chain lift hill,Twister,85.3008,0,47.845567,2956.0008,76
Sky Scream,Holiday Park,Europe,Premier Rides,Steel,Lap bar,2014,Magnetic Launch (LIM/LSM),Looping,150.9168,1,62.1371,853.008,75.5
Thunderbird,PowerPark,Europe,GCI,Wooden,Lap bar,2006,Chain lift hill,Twister,88.5816,0,46.602825,2788.68,75.3
Wooden Warrior,Quassy Amusement Park,North America,Gravity Group,Wooden,Lap bar,2011,Chain lift hill,Twister,36.0888,0,34.796776,1240.1424,75
Lynet,Farup Sommerland,Europe,Gerstlauer,Steel,Shoulder harness,2008,Hydraulic cable launch,Looper,65.616,2,49.70968,1771.632,75
X-Flight,Six Flags Great America,North America,B&M,Steel,Flying restraint,2012,Chain lift hill,,121.3896,5,55.92339,3001.932,75
Superman - Ultimate Flight,Six Flags Great America,North America,B&M,Steel,Flying restraint,2003,Chain lift hill,,104.9856,2,50.952422,2798.5224,74.9
Tornado,Särkänniemi Amusement Park,Europe,Intamin,Steel,Shoulder harness,2001,Chain lift hill,,82.02,5,46.602825,2296.56,74.6
Tennessee Tornado,Dollywood,North America,Arrow,Steel,Shoulder harness,1999,Chain lift hill,Looper,164.04,3,62.758471,2683.6944,74.5
White Lightning,Fun Spot America,North America,GCI,Wooden,Lap bar,2013,Chain lift hill,Out & Back,75.4584,0,46.602825,1968.48,74.4
Phantom's Revenge,Kennywood,North America,Arrow,Steel,Lap bar,1991,Chain lift hill,Hyper,229.656,0,82.020972,3198.78,74.3
Pegase Express,Parc Asterix,Europe,Gerstlauer,Steel,Lap bar,2017,"Chain lift hill, Booster wheel lift hill, Tire propelled launch",,68.8968,0,32.311292,3044.5824,74.2
Heidi the Ride,Plopsaland,Europe,GCI,Wooden,Lap bar,2017,Chain lift hill,"Out & Back, Family",72.1776,0,43.49597,2034.096,74.2
Winja's Force,Phantasialand,Europe,Maurer,Steel,Lap bar,2002,Vertical lift,,55.7736,0,37.28226,1345.128,74.1
Revenge of the Mummy the Ride,Universal Studios Hollywood,North America,Premier Rides,,Lap bar,2004,Magnetic Launch (LIM/LSM),,45.9312,0,39.767744,1906.1448,74.1
Superman Ultimate Fight,Six Flags Discovery Kingdom,North America,Premier Rides,Steel,Lap bar,2012,Magnetic Launch (LIM/LSM),,147.636,1,59.651616,,73.7
GhostRider,Knott's Berry Farm,North America,GCI,Wooden,Lap bar,1998,Chain lift hill,Twister,118.1088,0,55.92339,4534.0656,73.4
Colorado Adventure,Phantasialand,Europe,Vekoma,Steel,Lap bar,1996,Booster wheel lift hill,Mine Train,85.3008,0,31.06855,4199.424,73.3
Abismo,Parque de Atracciones de Madrid,Europe,Maurer,Steel,Lap bar,2006,Chain lift hill,X Car,150.9168,2,65.243955,1476.36,73.3
Nemesis Inferno,Thorpe Park,Europe,B&M,Steel,Shoulder harness,2003,Chain lift hill,,95.1432,4,47.845567,2460.6,73.2
Big Thunder Mountain,Disneyland Park,Europe,Vekoma,Steel,Lap bar,1992,Chain lift hill,"Mine Train, Family",72.1776,0,37.28226,4921.2,73.2
Hydra the Revenge,Dorney Park,North America,B&M,Steel,Shoulder harness,,Chain lift hill,Looper,95.1432,7,52.816535,3198.78,73
Fujiyama,Fuji-Q Highland,Asia,Togo,Steel,Lap bar,1996,Chain lift hill,Hypercoaster,259.1832,0,80.77823,6709.236,72.9
Big Thunder Mountain,Tokyo Disneyland,Asia,Vekoma,Steel,Lap bar,1987,Chain lift hill,Mine Train,,0,37.28226,,72.4
Steel Force,Dorney Park,North America,Morgan,Steel,Lap bar,1997,Chain lift hill,Hyper,200.1288,0,74.56452,5597.0448,72.3
Rita,Alton Towers,Europe,Intamin,Steel,Shoulder harness,2005,Hydraulic cable launch,Rocket,68.8968,0,60.894358,2122.6776,71.9
The Wicker Man,Alton Towers,Europe,GCI,Wooden,Lap bar,2018,Chain lift hill,Twister,72.1776,0,44.117341,2027.5344,71.8
Muntanya Russa,Tibidabo,Europe,Vekoma,Steel,Lap bar,2008,Chain lift hill,,82.02,0,49.70968,2427.792,71.8
Raging Bull,Six Flags Great America,North America,B&M,Steel,Lap bar,1999,Chain lift hill,Hyper,203.4096,0,73.321778,5058.9936,71.7
Wicked Twister,Cedar Point,North America,Intamin,Steel,Shoulder harness,2002,Magnetic Launch (LIM/LSM),Shuttle,206.6904,0,72.079036,,71.5
Valravn,Cedar Point,North America,B&M,Steel,Vest restraint,,Chain lift hill,Dive,223.0944,3,74.56452,3444.84,71.5
Dwervelwind,Toverland,Europe,Mack,Steel,Lap bar,2012,Chain lift hill,,65.616,0,43.49597,1515.7296,71.3
Desert Race,Heide Park,Europe,Intamin,Steel,Lap bar,2007,Hydraulic cable launch,Rocket,62.3352,0,62.1371,2132.52,71.3
Winja's Fear,Phantasialand,Europe,Maurer,Steel,Lap bar,2002,Vertical lift,,55.7736,0,41.010486,1525.572,71.3
American Thunder,Six Flags St Louis,North America,GCI,Wooden,Lap bar,2008,Chain lift hill,,82.02,0,47.845567,2713.2216,71.2
Ukko,Linnanmäki,Europe,Maurer,Steel,Shoulder harness,2011,Chain lift hill,X Car,150.9168,2,65.243955,492.12,70.9
Juvelen,Djurs Sommerland,Europe,Intamin,Steel,Shoulder harness,2013,Tire propelled launch,Family Launch Coaster,39.3696,0,52.816535,3280.8,70.8
Thunderhead,Dollywood,North America,GCI,Wooden,Lap bar,2004,Chain lift hill,Twister,101.7048,0,55.302019,3231.588,70.7
Gold Striker,California's Great America,North America,GCI,Wooden,Lap bar,2013,Chain lift hill,Twister,108.2664,0,54.059277,3198.78,70.6
Giant Dipper,Santa Cruz Beach Boardwalk,North America,Unknown,Steel,Lap bar,1924,Chain lift hill,,68.8968,0,55.302019,2641.044,70.3
Batman The Ride,Six Flags Great Adventure,North America,B&M,Steel,Shoulder harness,1993,Chain lift hill,,104.9856,5,50.331051,2693.5368,70.1
Space Fantasy the Ride,Universal Studios Japan,Asia,Mack,Steel,Lap bar,2010,,,62.3352,0,,1919.268,69.7
Mind Bender,Six Flags Over Georgia,North America,Schwarzkopf,Steel,Shoulder harness,1978,Chain lift hill,Looper,82.02,2,50.331051,3254.5536,69.6
Boardwalk Bullet,Kemah Boardwalk,North America,Gravity Group,Wooden,Lap bar,2007,Chain lift hill,Twister,95.1432,0,50.952422,3234.8688,69.4
Mine Train Ulven,Bakken,Europe,Intamin,Steel,Lap bar,1997,Booster wheel lift hill,Mine Train,62.3352,0,40.389115,,69.1
Batman: The Ride,Six Flags Fiesta Texas,North America,S&S,Steel,Shoulder harness,2015,Chain lift hill,Free Spin,118.1088,0,37.903631,1017.048,69.1
Batman The Ride,Six Flags Over Georgia,North America,B&M,Steel,Shoulder harness,1997,Chain lift hill,,104.9856,5,50.331051,2700.0984,69
Vertical Velocity,Six Flags Discovery Kingdom,North America,Intamin,Steel,Shoulder harness,2001,Magnetic Launch (LIM/LSM),Shuttle,150.9168,1,65.243955,629.9136,68.8
Dragon's Fury,Chessington World of Adventures,Europe,Maurer,Steel,Lap bar,2004,Chain lift hill,,59.0544,0,,1771.632,68.7
Space Mountain,Disneyland,North America,Dynamic Attractions,Steel,Lap bar,2005,Chain lift hill,Indoor,75.4584,0,32.311292,3451.4016,68.6
Speed Monster,TusenFryd,Europe,Intamin,Steel,Shoulder harness,2006,Hydraulic cable launch,Rocket,131.232,3,55.92339,2263.752,68.4
Tempesto,Busch Gardens Williamsburg,North America,Premier Rides,Steel,Lap bar,2015,Magnetic Launch (LIM/LSM),Launched Looping,150.9168,1,62.1371,862.8504,68.3
Riddler's Revenge,Six Flags Magic Mountain,North America,B&M,Steel,Shoulder harness,1998,Chain lift hill,,154.1976,6,65.243955,4370.0256,68.2
Tarantula,Parque de Atracciones de Madrid,Europe,Maurer,Steel,Lap bar,2005,Chain lift hill,,72.1776,0,42.253228,2066.904,68.2
Thirteen,Alton Towers,Europe,Intamin,Steel,Lap bar,,"Booster wheel lift hill, Vertical lift",Free Fall,65.616,0,40.389115,2480.2848,68
Batwing,Six Flags America,North America,Vekoma,Steel,Flying restraint,2001,Chain lift hill,,114.828,5,50.331051,3339.8544,68
Vertical Velocity,Six Flags Great America,North America,Intamin,Steel,Shoulder harness,2001,Magnetic Launch (LIM/LSM),Shuttle,183.7248,0,70.214923,629.9136,67.9
Joker,Six Flags Great America,North America,S&S,Steel,Shoulder harness,2017,Chain lift hill,Free Spin,121.3896,0,37.903631,1017.048,67.7
Seven Dwarfs Mine Train,Shanghaï Disneyland,Asia,Vekoma,Steel,Lap bar,,Chain lift hill,Family,45.9312,0,31.06855,1909.4256,67.5
Steel Dragon 2000,Nagashima Spa Land,Asia,Morgan,Steel,Lap bar,2000,Chain lift hill,Giga,318.2376,0,95.069763,8133.1032,67.5
Steel Eel,SeaWorld San Antonio,North America,Morgan,Steel,Lap bar,1999,Chain lift hill,Megacoaster,150.9168,0,65.243955,3700.7424,67.4
Orkanen,Farup Sommerland,Europe,Vekoma,,Shoulder harness,2013,Booster wheel lift hill,,62.3352,0,46.602825,1486.2024,67.4
Batman The Ride,Six Flags Great America,North America,B&M,Steel,Shoulder harness,1992,Chain lift hill,,101.7048,5,50.331051,2700.0984,67
"Hollywood Rip, Ride, Rockit",Universal Studios Florida,North America,Maurer,Steel,Lap bar,2009,Chain lift hill,X Car,167.3208,0,65.243955,,66.8
Kirnu,Linnanmäki,Europe,Intamin,Steel,Shoulder harness,2007,Chain lift hill,ZacSpin,85.3008,0,37.28226,465.8736,66.7
Wild West Mine Train,Ocean Park,Asia,Zamperla,Steel,Lap bar,1999,,Mine Train,68.8968,0,46.602825,2329.368,66.7
Lightning Racer (Thunder),Hersheypark,North America,GCI,Wooden,Lap bar,2000,Chain lift hill,Twister,88.5816,0,50.952422,3398.9088,66.7
Van Helsing's Factory,Movie Park Germany,Europe,Gerstlauer,Steel,Lap bar,2011,Chain lift hill,Indoor,26.2464,0,22.369356,1312.32,66.6
Flight of the Pterosaur,Paultons Park,Europe,Vekoma,,None,,,,65.616,0,,1295.916,66.3
Sky Wheel,Skyline Park,Europe,Maurer,Steel,Lap bar,2004,Chain lift hill,X Car,150.9168,2,65.243955,492.12,66.2
Big Thunder Mountain Railroad,Disney's Magic Kingdom,North America,Arrow,Steel,Lap bar,1980,Chain lift hill,Mine Train,,0,36.039518,2778.8376,66.2
Vampire,La Ronde,North America,B&M,Steel,Shoulder harness,2002,Chain lift hill,,104.9856,5,50.331051,2700.0984,66.2
Joker's Jinx,Six Flags America,North America,Premier Rides,Steel,Lap bar,1999,Magnetic Launch (LIM/LSM),Launched Multielement,78.7392,4,59.651616,2703.3792,66
Goliath,Six Flags Magic Mountain,North America,Giovanola,Steel,Lap bar,2000,Chain lift hill,Hypercoaster,232.9368,0,85.127827,4494.696,65.8
Lightning Racer (Lightning),Hersheypark,North America,GCI,Wooden,Lap bar,2000,Chain lift hill,Twister,88.5816,0,50.952422,3398.9088,65.7
Jetline,Gröna Lund,Europe,Schwarzkopf,Steel,Lap bar,1988,Chain lift hill,Freeform,104.9856,0,55.92339,2624.64,65.7
Joker,Six Flags Great Adventure,North America,S&S,Steel,Shoulder harness,2016,Chain lift hill,Free Spin,121.3896,0,37.903631,1020.3288,65.7
Thunder Loop,Attractiepark Slagharen,Europe,Schwarzkopf,Steel,Lap bar,1979,Chain lift hill,Looper,78.7392,1,46.602825,1942.2336,65.6
Psyké underground,Walibi Belgium,Europe,Schwarzkopf,Steel,Lap bar,1982,Magnetic Launch (LIM/LSM),"Shuttle, Looper",137.7936,1,52.816535,853.008,65.5
Magnum XL 200,Cedar Point,North America,Arrow,Steel,Lap bar,1989,Chain lift hill,Hyper,206.6904,0,72.079036,5104.9248,65.5
FireChaser Express,Dollywood,North America,Gerstlauer,Steel,Lap bar,2014,"Chain lift hill, Tire propelled launch","Launched, Family",,0,34.796776,2427.792,65.4
Big Thunder Mountain Railroad,Disneyland,North America,Walt Disney Imagineering,Steel,Lap bar,1979,Chain lift hill,Mine Train,,0,27.961695,2670.5712,65.4
Hollenblitz,Foire,Asia,EOS rides,Steel,Lap bar,1992,Chain lift hill,,59.0544,0,31.06855,2493.408,65.3
Superman : Escape from Krypton,Six Flags Magic Mountain,North America,Intamin,Steel,Lap bar,1997,Magnetic Launch (LIM/LSM),Shuttle,413.3808,0,99.41936,1233.5808,65.3
Ultimate,Lightwater Valley,Europe,Big Country Mitioneering,Steel,Lap bar,1991,Chain lift hill,Mine Train,157.4784,0,49.70968,7440.8544,65.2
Manta,SeaWorld San Diego,North America,Mack,Steel,Lap bar,2012,Magnetic Launch (LIM/LSM),Launched,29.5272,0,43.49597,2788.68,65
Batman : The dark Knight,Six Flags New England,North America,B&M,Steel,Shoulder harness,2002,Chain lift hill,,118.1088,5,55.302019,2601.6744,64.9
Joker,Six flags Over Texas,North America,S&S,Steel,Shoulder harness,2017,Chain lift hill,Free Spin,118.1088,0,37.903631,1017.048,64.6
The Boss,Six Flags St Louis,North America,CCI,Wooden,Lap bar,2000,Chain lift hill,Twister,150.9168,0,65.865326,5052.432,64.5
Batman The Ride,Six Flags St Louis,North America,B&M,Steel,Shoulder harness,1995,Chain lift hill,,104.9856,5,50.331051,2693.5368,64.3
Montezooma's Revenge,Knott's Berry Farm,North America,Schwarzkopf,Steel,Lap bar,1978,Hydraulic cable launch,Shuttle Loop,147.636,1,55.302019,800.5152,64.2
Space Mountain - Omega,Disney's Magic Kingdom,North America,Arrow,Steel,Lap bar,1975,Chain lift hill,,88.5816,0,27.340324,3195.4992,64
Die Vliegende Hollander,Efteling,Europe,Kumbak,Steel,Lap bar,2007,Chain lift hill,,75.4584,0,,1377.936,64
Space Mountain - Alpha,Disney's Magic Kingdom,North America,Arrow,Steel,Lap bar,1975,Chain lift hill,,88.5816,0,27.340324,3195.4992,64
Titan,Six flags Over Texas,North America,Giovanola,Steel,Lap bar,2001,Chain lift hill,Hyper,246.06,0,85.127827,5311.6152,63.9
Mystery Mine,Dollywood,North America,Gerstlauer,Steel,Shoulder harness,2007,Chain lift hill,Euro-Fighter,114.828,2,45.981454,1811.0016,63.8
Dragon Roller Coaster,Energylandia,Europe,Vekoma,Steel,Lap bar,,Booster wheel lift hill,Family,65.616,0,46.602825,1486.2024,63.8
Twister,Knoebels,North America,Philadelphia Toboggan Coaster,Wooden,Lap bar,1999,Chain lift hill,Twister,101.7048,0,51.573793,3900.8712,63.7
Batman the Ride,Six Flags Magic Mountain,North America,B&M,Steel,Shoulder harness,1994,Chain lift hill,,104.9856,5,49.70968,2700.0984,63.3
Scream!,Six Flags Magic Mountain,North America,B&M,Steel,Shoulder harness,,Chain lift hill,Looper,150.9168,7,62.758471,3986.172,63.1
Rock'n Roller Coaster starringAerosmith,Disney Hollywood Studios,North America,Vekoma,Steel,Shoulder harness,1999,Magnetic Launch (LIM/LSM),Looper,78.7392,3,59.651616,3369.3816,63
Le Twist,Le Pal,Europe,Mack,Steel,Lap bar,2011,Chain lift hill,,72.1776,0,43.49597,1541.976,63
Flight of Fear,Kings Dominion,North America,Premier Rides,Steel,Lap bar,1996,Magnetic Launch (LIM/LSM),Indoor Launched Multielement,75.4584,4,54.059277,2706.66,62.9
Great White,SeaWorld San Antonio,North America,B&M,Steel,Shoulder harness,1997,Chain lift hill,,108.2664,5,50.331051,2562.3048,62.3
Tornado,Bakken,Europe,Intamin,Steel,Lap bar,2009,Chain lift hill,,32.808,0,,984.24,62.3
Iron Shark,Galveston Island Historic Pleasure Pier,North America,Gerstlauer,Steel,Lap bar,2012,Chain lift hill,Euro-Fighter,101.7048,1,52.195164,1246.704,62.2
Rougarou,Cedar Point,North America,B&M,Steel,Shoulder harness,1996,Chain lift hill,,144.3552,4,60.272987,3897.5904,62.1
Georgia Scorcher,Six Flags Over Georgia,North America,B&M,Steel,Shoulder harness,1999,Chain lift hill,,108.2664,2,54.059277,2998.6512,62
Takabisha,Fuji-Q Highland,Asia,Gerstlauer,Steel,Shoulder harness,2011,Magnetic Launch (LIM/LSM),Euro-Fighter,141.0744,7,62.1371,3280.8,61.9
Bat,Kings Island,North America,Arrow,Steel,Shoulder harness,1993,Chain lift hill,,78.7392,0,50.952422,2349.0528,61.8
The Legend,Holiday World,North America,CCI,Wooden,Lap bar,2000,Chain lift hill,Twister,114.828,0,57.787503,4041.9456,61.8
Freischütz,Bayern Park,Europe,Maurer,Steel,Lap bar,2011,Magnetic Launch (LIM/LSM),Rocket,78.7392,3,49.70968,1509.168,61.8
Shockwave,Six flags Over Texas,North America,Schwarzkopf,Steel,Lap bar,1978,Chain lift hill,Looper,114.828,2,59.651616,3599.0376,61.5
Force One,Schwaben Park,Europe,Zierer,Steel,Lap bar,2010,Chain lift hill,,72.1776,0,52.816535,1738.824,61.4
Possessed,Dorney Park,North America,Intamin,Steel,Shoulder harness,2008,Magnetic Launch (LIM/LSM),Shuttle,180.444,0,70.214923,705.372,61.3
Mammut,Tripsdrill,Europe,Cordes GmbH,Wooden,Lap bar,2008,Chain lift hill,Twister,98.424,0,55.92339,2821.488,61.3
Viper,Six Flags Great America,North America,Philadelphia Toboggan Coaster,Wooden,Lap bar,1995,Chain lift hill,Twister,101.7048,0,50.331051,3457.9632,61.1
Seven Dwarfs Mine Train,Disney's Magic Kingdom,North America,Vekoma,Steel,Lap bar,2014,Chain lift hill,Mine Train,,0,,,61.1
Salama,Linnanmäki,Europe,Maurer,Steel,Lap bar,2008,Chain lift hill,,55.7736,0,37.28226,1377.936,60.8
Speed,Oakwood,Europe,Gerstlauer,Steel,Shoulder harness,2006,Chain lift hill,Euro-Fighter,114.828,2,59.030245,2001.288,60.8
Alpina Bahn,Foire,Asia,Schwarzkopf,Steel,Lap bar,1983,Tire propelled launch,Looper,88.5816,0,49.70968,2985.528,60.7
Superman - Ultimate Flight,Six Flags Over Georgia,North America,B&M,Steel,Flying restraint,2002,Chain lift hill,,104.9856,2,50.952422,2755.872,60.7
Polar X-plorer,Legoland Billund,Europe,Zierer,Steel,Lap bar,,Chain lift hill,Free Fall,,0,,,60.6
Ultra Twister Megaton,Greenland,Asia,Togo,Steel,Shoulder harness,1994,Cable lift hill,,98.424,3,43.49597,1181.088,60.4
Half Pipe,Särkänniemi Amusement Park,Europe,Intamin,Steel,Lap bar,2003,Magnetic Launch (LIM/LSM),Shuttle,98.424,0,43.49597,229.656,60.1
Prowler,Worlds of Fun,North America,GCI,Wooden,Lap bar,2009,Chain lift hill,Twister,101.7048,0,50.952422,3074.1096,60
Saw - The Ride,Thorpe Park,Europe,Gerstlauer,Steel,Shoulder harness,2009,Chain lift hill,Euro-Fighter,101.7048,3,55.302019,2362.176,59.9
G'sengte Sau,Tripsdrill,Europe,Gerstlauer,Steel,Lap bar,1998,Chain lift hill,Bobsled,52.4928,0,31.06855,1574.784,59.7
Insane,Gröna Lund,Europe,Intamin,Steel,Shoulder harness,2009,Electrical lift hill,"4th Dimension, ZacSpin",118.1088,0,37.28226,820.2,59.7
Millennium Roller Coaster,Fantasy Island Ingoldmells,Europe,Vekoma,Steel,Shoulder harness,1999,Chain lift hill,Looper,150.9168,3,59.651616,,59.6
Journey to Atlantis,SeaWorld Orlando,North America,Mack,Steel,Lap bar,1998,Chain lift hill,Water Coaster,,0,,,59.5
Timber Drop,Fraispertuis City,Europe,S&S,Steel,Shoulder harness,2011,Chain lift hill,El Loco,98.424,2,41.010486,1377.936,59.5
Goliath,Six Flags Fiesta Texas,North America,B&M,Steel,Shoulder harness,2008,Chain lift hill,,104.9856,5,49.70968,2700.0984,59.5
Nighthawk• Carowinds,Carowinds,North America,Vekoma,Steel,Flying restraint,2004,Chain lift hill,,114.828,5,50.952422,2765.7144,59.4
Formule X,Drievliet Family Park,Europe,Maurer,Steel,Lap bar,2007,Magnetic Launch (LIM/LSM),X Car,49.212,2,43.49597,984.24,59
Switchback,ZDT's Amusement Park,North America,Gravity Group,Wooden,Lap bar,2015,Chain lift hill,Shuttle,65.616,0,41.010486,1197.492,58.9
Crush's Coaster,Walt Disney Studios,Europe,Maurer,Steel,Lap bar,,Chain lift hill,Indoor,52.4928,0,37.903631,1391.0592,58.5
Tiki Waka,Walibi Belgium,Europe,Gerstlauer,Steel,Lap bar,2018,Chain lift hill,"Bobsled, Family",65.616,0,34.175405,1640.4,58.3
Cyclops,Mt. Olympus Water & Theme Park,North America,CCI,Steel,Lap bar,1995,Chain lift hill,,68.8968,0,57.787503,1899.5832,58.2
Formule 1,Parc Saint Paul,Europe,Pax,Steel,Lap bar,2005,Chain lift hill,Wild Mouse,49.212,0,,1246.704,58.2
Gemini (Blue),Cedar Point,North America,Arrow,Hybrid,Lap bar,1978,Chain lift hill,,124.6704,0,59.651616,3936.96,58
Cancan Coaster,Europa Park,Europe,Mack,Steel,Lap bar,,Spiral lift,Family,85.3008,0,37.28226,3024.8976,57.8
Vicky The Ride,Plopsa Coo,Europe,Gerstlauer,Steel,Lap bar,2011,Chain lift hill,,55.7736,0,34.175405,1312.32,57.4
Batman the Ride,Six flags Over Texas,North America,B&M,Steel,Shoulder harness,1999,Chain lift hill,,104.9856,5,50.331051,2700.0984,57.3
Rock'n Roller Coaster avec Aerosmith,Walt Disney Studios,Europe,Vekoma,Steel,Shoulder harness,,Magnetic Launch (LIM/LSM),"Looper, Indoor",78.7392,3,57.166132,3402.1896,56.9
Raptor Attack,Lightwater Valley,Europe,Schwarzkopf,Steel,Lap bar,1987,Chain lift hill,,49.212,0,40.389115,1837.248,56.8
Kentucky Rumbler,Beech Bend,North America,GCI,Wooden,Lap bar,2006,Chain lift hill,Twister,88.5816,0,47.845567,2828.0496,56.5
Goliath,Six Flags New England,North America,Vekoma,Steel,Shoulder harness,2012,Cable lift hill,Multielement Inverted Shuttle,190.2864,3,65.865326,1204.0536,56.5
Vilda Musen,Gröna Lund,Europe,Gerstlauer,Steel,Lap bar,2003,Chain lift hill,Bobsled,68.8968,0,34.175405,1410.744,56.2
Dragon Fly,Duinrell,Europe,Gerstlauer,Steel,Lap bar,2012,Chain lift hill,,49.212,0,,1181.088,55.9
Hyperspace Mountain,Hong Kong Disneyland,Asia,Vekoma,Steel,Lap bar,2005,,,101.7048,0,,3451.4016,55.6
Nessie Superrollercoaster,Hansa Park,Europe,Schwarzkopf,Steel,Lap bar,1979,Chain lift hill,Looper,85.3008,1,49.088309,2431.0728,55.5
Cobra,Paultons Park,Europe,Gerstlauer,Steel,Lap bar,2006,Chain lift hill,Bobsled,55.7736,0,31.06855,1476.36,55.2
American Eagle,Six Flags Great America,North America,Intamin,Wooden,Lap bar,1981,Chain lift hill,Twister,124.6704,0,65.865326,4648.8936,55.2
Cornball Express,Indiana Beach,North America,CCI,Wooden,Lap bar,2001,Cable lift hill,,55.7736,0,44.738712,2099.712,55
Sierra Sidewinder,Knott's Berry Farm,North America,Mack,Steel,Lap bar,2007,Chain lift hill,Spinning Freeform,62.3352,0,37.28226,1410.744,55
Vuoristorata,Linnanmäki,Europe,Unknown,Wooden,Lap bar,1951,Chain lift hill,Twister,75.4584,0,37.28226,3149.568,55
Arthur,Europa Park,Europe,Mack,Steel,Lap bar,,Electrical launch,"E-Powered, Dark Ride",45.9312,0,19.262501,1656.804,54.8
Battlestar Galactica - HUMAN,Universal Studios Singapore,Asia,Vekoma,Steel,Shoulder harness,2010,Electrical lift hill,Looper,,0,,,54.6
Drachenritt,Belantis,Europe,Gerstlauer,Steel,Lap bar,2003,Chain lift hill,Bobsled,59.0544,0,43.49597,1640.4,54.5
Thundercoaster,TusenFryd,Europe,Vekoma,Wooden,Lap bar,2001,Chain lift hill,Twister,104.9856,0,57.787503,3116.76,54.3
Joker,Six Flags New England,North America,S&S,Steel,Shoulder harness,2017,Chain lift hill,Free Spin,121.3896,0,37.903631,1017.048,54.1
Ultra Twister,Nagashima Spa Land,Asia,Togo,Steel,Shoulder harness,,Chain lift hill,,95.1432,3,44.117341,1377.936,54
Raik,Phantasialand,Europe,Vekoma,Steel,Lap bar,2016,Booster wheel lift hill,"Boomerang, Family",82.02,0,38.525002,688.968,53.9
Megablitz,Wiener Prater,Europe,Vekoma,Steel,Lap bar,1994,Chain lift hill,Triple Out and Back,62.3352,0,43.49597,1804.44,53.9
Pandemonium,Six flags Over Texas,North America,Gerstlauer,Steel,Lap bar,2008,Chain lift hill,,52.4928,0,31.06855,1351.6896,53.4
Furius Baco,Port Aventura,Europe,Intamin,Steel,Shoulder harness,2007,Hydraulic cable launch,,45.9312,1,83.885085,2952.72,53.3
Rage,Adventure Island,Europe,Gerstlauer,Steel,Shoulder harness,2007,Chain lift hill,Euro-Fighter,72.1776,3,43.49597,1184.3688,53.1
Apocalypse,Six Flags Magic Mountain,North America,GCI,Wooden,Lap bar,2009,Chain lift hill,Twister,101.7048,0,55.302019,2851.0152,52.8
Loch Ness Monster,Busch Gardens Williamsburg,North America,Arrow,Steel,Shoulder harness,1978,Chain lift hill,Looper,127.9512,2,59.651616,3238.1496,52.7
MotoGee,Särkänniemi Amusement Park,Europe,Zamperla,Steel,Lap bar,2010,Tire propelled launch,,,0,42.253228,,52.7
Outlaw,Adventureland,North America,CCI,Wooden,Lap bar,1993,Chain lift hill,Twister,65.616,0,47.845567,2798.5224,52.6
Gold rush,OK Corral,Europe,Gerstlauer,Steel,Lap bar,2012,Booster wheel lift hill,Shuttle,,0,,,52.6
Falken,Farup Sommerland,Europe,S&S,Steel,Lap bar,2004,Chain lift hill,,65.616,0,46.602825,2040.6576,52.5
Backlot Stunt Coaster,Kings Island,North America,Premier Rides,Steel,Lap bar,2005,Magnetic Launch (LIM/LSM),Launched Freeform,45,0,39.767744,,52.4
Velociraptor,Paultons Park,Europe,Vekoma,Family,None,,,,656.16,0,,65.616,52.3
Matterhorn Bobsleds (A),Disneyland,North America,Arrow,Steel,None,1959,Chain lift hill,Bobsled,78.7392,0,26.718953,2037.3768,52.2
Comet,Hersheypark,North America,Philadelphia Toboggan Coaster,Steel,Lap bar,1946,Chain lift hill,,85.3008,0,50.331051,3359.5392,52.1
Impulse,Knoebels,North America,Zierer,Steel,Lap bar,2015,Chain lift hill,,98.424,4,55.302019,1975.0416,52
Hyper Space Mountain,Disneyland Park,Europe,Vekoma,Steel,Shoulder harness,1995,Hydraulic cable launch,"Looper, Indoor",101.7048,3,43.49597,3280.8,52
Thunder Run,Kentucky Kingdom,North America,Dinn Corp.,Wooden,Lap bar,1990,Chain lift hill,Twister,88.5816,0,52.816535,2851.0152,51.9
Triops,Bagatelle,Europe,Vekoma,Steel,Shoulder harness,2012,Chain lift hill,Invertigo,131.232,3,49.70968,1017.048,51.6
Shuttle Loop,Nagashima Spa Land,Asia,Schwarzkopf,Steel,Lap bar,1980,Flywheel,Shuttle Loop,134.5128,1,52.816535,853.008,51.5
TNT Tren de la Mina,Parque de Atracciones de Madrid,Europe,Gerstlauer,Steel,Lap bar,2012,Chain lift hill,Mine Train,55.7736,0,,1476.36,51.3
Back Lot Stunt Coaster,Canada's Wonderland,North America,Premier Rides,Steel,Lap bar,2005,Magnetic Launch (LIM/LSM),Family,45.9312,0,39.767744,1958.6376,51.3
Back Lot Stunt Coaster,Kings Dominion,North America,Premier Rides,Steel,Lap bar,2006,Magnetic Launch (LIM/LSM),,45.9312,0,39.767744,1958.6376,51.2
InvadR,Busch Gardens Williamsburg,North America,GCI,Hybrid,Lap bar,2017,,Twister,75.4584,0,47.845567,,51.1
The Raven,Holiday World,North America,CCI,Wooden,Lap bar,1995,Chain lift hill,Twister,108.2664,0,47.845567,2729.6256,51.1
Raging Spirits,Tokyo DisneySea,Asia,Intamin,Steel,Shoulder harness,2005,Chain lift hill,Looper,52.4928,1,37.28226,1968.48,51
Pandemonium,Six Flags Fiesta Texas,North America,Gerstlauer,Steel,Lap bar,2007,Chain lift hill,Spinning Twister,52.4928,0,31.06855,1351.6896,51
Dare Devil Dive,Six Flags Over Georgia,North America,Gerstlauer,Steel,Lap bar,2011,Chain lift hill,Euro-Fighter,95.1432,3,52.195164,2099.712,50.9
"Correcaminos Bip, Bip",Parque Warner Madrid,Europe,Mack,Steel,Lap bar,2009,Booster wheel lift hill,YoungStar,52.4928,0,37.28226,1574.784,50.8
Tonnerre de Zeus,Parc Asterix,Europe,CCI,Wooden,Lap bar,1997,Chain lift hill,Twister,98.424,0,52.195164,4045.2264,50.8
Flight of Fear,Kings Island,North America,Premier Rides,Steel,Lap bar,1996,Magnetic Launch (LIM/LSM),Launched Multielement,75.4584,4,54.059277,2706.66,50.8
Mamba,Worlds of Fun,North America,Morgan,Steel,Lap bar,1998,Chain lift hill,Hyper,206.6904,0,74.56452,5577.36,50.5
Vampire,Chessington World of Adventures,Europe,Arrow,Steel,Shoulder harness,1990,Chain lift hill,,55.7736,0,45.981454,2349.0528,50.4
Undertow,Santa Cruz Beach Boardwalk,North America,Maurer,Steel,Lap bar,2013,Chain lift hill,,49.212,0,39.767744,1410.744,50.4
Blue Streak,Cedar Point,North America,Philadelphia Toboggan Coaster,Wooden,Lap bar,1964,Chain lift hill,Out & Back,78.7392,0,39.767744,2559.024,50.2
Spinball Whizzer,Alton Towers,Europe,Maurer,Steel,Lap bar,2004,Chain lift hill,,55.7736,0,37.28226,1476.36,50.2
Speed Rockets,Jardin d'Acclimatation,Europe,Gerstlauer,Family,Lap bar,2018,Chain lift hill,,36.0888,0,,1312.32,50.2
Skatteøen,Djurs Sommerland,Europe,Mack,Steel,Lap bar,2011,Chain lift hill,,91.8624,0,43.49597,1492.764,49.9
Heiße Fahrt,Klotten (Wild- und Freizeitpark),Europe,Gerstlauer,Steel,,2004,Chain lift hill,Bobsled,55.7736,0,34.175405,1745.3856,49.8
Kvasten,Gröna Lund,Europe,Vekoma,Steel,Lap bar,,Booster wheel lift hill,Family,65.616,0,34.175405,1312.32,49.7
Sooperdooperlooper,Hersheypark,North America,Schwarzkopf,Steel,Lap bar,1977,Chain lift hill,Looper,,1,,,49.7
Speed,Energylandia,Europe,Intamin,Steel,None,2018,Vertical lift,,164.04,0,68.35081,,49.6
Pandemonium,Six Flags St Louis,North America,Gerstlauer,Steel,Lap bar,2007,Chain lift hill,,52.4928,0,31.06855,1351.6896,49.5
Jack Rabbit,Kennywood,North America,ACE Coaster Classic,Steel,Lap bar,1921,Chain lift hill,,68.8968,0,44.738712,2132.52,49.2
Scorpion,Busch Gardens Tampa,North America,Schwarzkopf,Steel,Lap bar,1981,Chain lift hill,Looper,65.616,1,49.70968,1811.0016,49.1
Pegasus,Europa Park,Europe,Mack,Steel,Lap bar,2006,Booster wheel lift hill,Twister,49.212,0,40.389115,1312.32,49.1
Xpress : Platform 13,Walibi Holland,Europe,Vekoma,Steel,Shoulder harness,2000,Magnetic Launch (LIM/LSM),,85.3008,3,55.92339,3267.6768,48.9
Diabolik,Movieland Park,Europe,Vekoma,Steel,Shoulder harness,,Chain lift hill,Invertigo,131.232,3,49.70968,1017.048,48.7
Loup Garou,Walibi Belgium,Europe,Vekoma,Wooden,Lap bar,2001,Chain lift hill,Twister,91.8624,0,49.70968,3395.628,48.7
Comet,Great Escape,North America,Philadelphia Toboggan Coaster,Steel,Lap bar,1994,Chain lift hill,,95.1432,0,55.302019,4196.1432,48.6
Revolution,Blackpool Pleasure Beach,Europe,Arrow,Steel,Shoulder harness,1979,,Shuttle,55.7736,1,44.738712,633.1944,48.3
Gao,Greenland,Asia,Meisho Amusement Machines,,Lap bar,1998,Chain lift hill,,131.232,0,60.894358,5459.2512,48.3
Matterhorn Bobsleds (B),Disneyland,North America,Arrow,Steel,,1959,Chain lift hill,Bobsled,78.7392,0,26.718953,2132.52,48.3
Regina,Tobu Zoo Park,Asia,Intamin,Steel,Lap bar,2000,Chain lift hill,,121.3896,0,55.92339,4376.5872,48.3
Poltergeist,Six Flags Fiesta Texas,North America,Premier Rides,Steel,Shoulder harness,1999,Magnetic Launch (LIM/LSM),Launched Multielement,78.7392,4,60.272987,2706.66,48.3
Steel Hawg,Indiana Beach,North America,S&S,Steel,,2008,Chain lift hill,,95.1432,3,40.389115,,48
Fuga da Atlantide,Gardaland,Europe,Intamin,Steel,None,2003,Cable lift hill,,55.7736,0,37.28226,2296.56,47.8
Poseïdon,Europa Park,Europe,Mack,Steel,Lap bar,,Chain lift hill,Family,75.4584,0,43.49597,2742.7488,47.8
Divertical,Mirabilandia,Europe,Intamin,Steel,Lap bar,2012,Vertical lift,,164.04,0,68.35081,,47.7
Rutschebanen,Bakken,Europe,ACE Coaster Classic,Steel,Lap bar,1932,Cable lift hill,,72.1776,0,46.602825,3238.1496,47.7
Thor's Hammer,Djurs Sommerland,Europe,Gerstlauer,Steel,,2002,,Bobsled,,0,,,47.7
Booster Bike,Toverland,Europe,Vekoma,Steel,Lap bar,2004,Magnetic Launch (LIM/LSM),Motorbike,49.212,0,46.602825,1968.48,47.4
Racer,Kings Island,North America,Philadelphia Toboggan Coaster,Wooden,Lap bar,1972,Chain lift hill,,88.5816,0,60.894358,3412.032,47.4
Freedom Flyer,Fun Spot America,North America,Vekoma,Steel,Lap bar,,Booster wheel lift hill,Family,65.616,0,34.175405,1295.916,47.3
Avalanche,Blackpool Pleasure Beach,Europe,Mack,Steel,Lap bar,1988,Chain lift hill,,65.616,0,31.06855,1492.764,47.3
Gemini (Red),Cedar Point,North America,Arrow,Hybrid,Lap bar,1978,Chain lift hill,,124.6704,0,59.651616,3936.96,47.3
Whizzer,Six Flags Great America,North America,Schwarzkopf,Steel,None,1976,Electrical lift hill,Speed Racer / Extended Jumbo Jet,68.8968,0,42.253228,3100.356,47.2
Hankatten,Bonbon-Land,Europe,Gerstlauer,Steel,Lap bar,2007,Chain lift hill,,52.4928,0,34.175405,1302.4776,46.5
Cobra,PowerPark,Europe,Vekoma,Steel,Shoulder harness,2005,Cable lift hill,Shuttle,118.1088,3,47.224196,935.028,46.2
Spinning Dragons,Worlds of Fun,North America,Gerstlauer,Steel,Lap bar,2004,Chain lift hill,Spinning,55.7736,0,31.06855,1345.128,46.2
Thunderbolt,Six Flags New England,North America,"Drambour, Joseph",Wooden,Lap bar,1941,Chain lift hill,Twister,68.8968,0,,2864.1384,46
Fiorano GT Challenge (Left),Ferrari World,Asia,Maurer,Steel,Lap bar,2010,Magnetic Launch (LIM/LSM),,,0,,3280.8,45.8
Huracan,Bellewaerde,Europe,Zierer,Steel,Lap bar,2013,Booster wheel lift hill,,49.212,0,31.06855,1640.4,45.8
Sky Rocket,Kennywood,North America,Premier Rides,Steel,Lap bar,2010,Magnetic Launch (LIM/LSM),Launched,95.1432,3,49.70968,2099.712,45.7
Wild Train,Parc Saint Paul,Europe,Pax,Steel,Lap bar,2000,Booster wheel lift hill,,49.212,0,43.49597,1082.664,45.7
Zeus,Mt. Olympus Water & Theme Park,North America,CCI,Wooden,Lap bar,1997,Chain lift hill,Twister,88.5816,0,60.272987,2900.2272,45.6
Vortex,Canada's Wonderland,North America,Arrow,Steel,Shoulder harness,1991,Chain lift hill,,91.8624,0,55.302019,2559.024,45.4
Racer 75 (Left Side),Kings Dominion,North America,Philadelphia Toboggan Coaster,Wooden,Lap bar,1975,Chain lift hill,,85.3008,0,55.92339,3369.3816,44.8
Cobra's Curse,Busch Gardens Tampa,North America,Mack,Steel,Lap bar,2016,Vertical lift,,68.8968,0,40.389115,2099.712,44.7
New Revolution,Six Flags Magic Mountain,North America,Schwarzkopf,Steel,Lap bar,1976,,Looper,111.5472,1,55.302019,3457.9632,44.5
Racer,Kennywood,North America,John Miller,Steel,Lap bar,1927,Chain lift hill,,72.1776,0,,2250.6288,44.3
Big Dipper,Blackpool Pleasure Beach,Europe,William Strickler,Wooden,Lap bar,1923,Chain lift hill,,59.0544,0,,3300.4848,44.2
Screamin' Eagle,Six Flags St Louis,North America,Philadelphia Toboggan Coaster,Wooden,Lap bar,1976,Chain lift hill,Twister,111.5472,0,62.1371,3871.344,43.6
La Trace du Hourra,Parc Asterix,Europe,Mack,Steel,Lap bar,2001,Chain lift hill,,101.7048,0,37.28226,2952.72,43.6
Bobbaan,Efteling,Europe,Giovanola,Steel,Lap bar,1985,Chain lift hill,,65.616,0,37.28226,1719.1392,43.6
Matterhorn Blitz,Europa Park,Europe,Mack,Steel,Lap bar,1999,Vertical lift,Wild Mouse,52.4928,0,34.796776,1256.5464,43.1
Milky Way (Blue),Greenland,Asia,Togo,Steel,Shoulder harness,1991,Chain lift hill,,124.6704,0,,2624.64,43
Typhoon,Bobbejaanland,Europe,Gerstlauer,Steel,Shoulder harness,2004,Chain lift hill,Euro-Fighter,85.3008,4,49.70968,2198.136,42.9
Ninja,Six Flags Magic Mountain,North America,Arrow,Steel,Shoulder harness,1988,Chain lift hill,,59.0544,0,54.680648,2706.66,42.8
Wave Breaker: The Rescue Coaster,SeaWorld San Antonio,North America,Intamin,,None,2017,Tire propelled launch,,62.3352,0,44.117341,2598.3936,42.7
Green Lantern,Six Flags Great Adventure,North America,B&M,Steel,Shoulder harness,2011,Chain lift hill,,154.1976,5,63.379842,4156.7736,42.5
Le Serpent,Parc du Petit Prince,Europe,Zierer,Steel,Lap bar,,Booster wheel lift hill,Family,,0,,,42.3
Hoosier Hurricane,Indiana Beach,North America,CCI,Wooden,Lap bar,1994,Chain lift hill,,78.7392,0,50.952422,2890.3848,41.6
Insider,Wiener Prater,Europe,Maurer,Steel,Lap bar,2013,,"Wild Mouse, Indoor",36.0888,0,21.747985,984.24,41.5
Calamity Mine,Walibi Belgium,Europe,Vekoma,Steel,Lap bar,1992,Chain lift hill,Mine Train,45.9312,0,29.825808,2575.428,41.5
Grand National (Right),Blackpool Pleasure Beach,Europe,Unknown,Wooden,,,Chain lift hill,Twister,,0,,,41.5
Vogel Rok,Efteling,Europe,Vekoma,Steel,Lap bar,1998,Chain lift hill,Enclosed Freeform,82.02,0,40.389115,3936.96,41.5
Boomerang,Parc des Combes,Europe,Vekoma,Steel,Lap bar,2011,Booster wheel lift hill,"Shuttle, Boomerang, Family",65.616,0,37.28226,606.948,41.4
Schweizer Bobbahn,Heide Park,Europe,Mack,Steel,Lap bar,1994,Chain lift hill,,88.5816,0,32.932663,3247.992,41.4
Fiorano GT Challenge (Right),Ferrari World,Asia,Maurer,Steel,Lap bar,2010,Magnetic Launch (LIM/LSM),,,0,,3280.8,41.3
Boomerang,Energylandia,Europe,Vekoma,Steel,Lap bar,2017,Chain lift hill,"Shuttle, Boomerang, Family",75.4584,0,37.28226,682.4064,41.3
Ben 10 Ultimate Mission,Drayton Manor,Europe,Vekoma,Steel,Lap bar,2011,Booster wheel lift hill,Shuttle,65.616,0,34.175405,590.544,41.1
Tornado,Parque de Atracciones de Madrid,Europe,Intamin,Steel,Shoulder harness,1999,Chain lift hill,,98.424,3,49.70968,2624.64,41
Underground,Adventureland,North America,CCI,Steel,Lap bar,1996,Chain lift hill,,,0,,984.24,40.9
Mount Mara,Bobbejaanland,Europe,Vekoma,Steel,Lap bar,1989,Booster wheel lift hill,Indoor,85.3008,0,31.06855,2362.176,40.9
Patriot,California's Great America,North America,B&M,Steel,Shoulder harness,1991,Chain lift hill,,91.8624,2,39.767744,1919.268,40.9
Steel Dragon,Waldameer,North America,Maurer,Steel,Lap bar,2004,Chain lift hill,,52.4928,0,37.28226,1391.0592,40.7
Grand National (Left),Blackpool Pleasure Beach,Europe,Charles Paige,Steel,Lap bar,1935,Chain lift hill,,62.3352,0,39.767744,3300.4848,40.6
Big One,Blackpool Pleasure Beach,Europe,Arrow,Steel,Lap bar,1994,Chain lift hill,Hyper,213.252,0,74.56452,5495.34,40.3
Vild-Svinet,Bonbon-Land,Europe,Gerstlauer,Steel,Lap bar,2003,Cable lift hill,Euro-Fighter,72.1776,1,44.738712,1404.1824,40.1
Supersplash,TusenFryd,Europe,Mack,SuperSplash,Lap bar,2003,,,95.1432,0,47.224196,1099.068,40.1
Looping Star,Nagashima Spa Land,Asia,Schwarzkopf,Steel,Lap bar,1982,Cable lift hill,Looping,82.02,1,47.845567,1942.2336,40.1
Colossus,Six Flags Magic Mountain,North America,International Amusement Devices,Wooden,Lap bar,1978,Chain lift hill,Out & Back,124.6704,0,62.1371,4324.0944,40
Nickelodeon Streak,Blackpool Pleasure Beach,Europe,Charles Paige,Wooden,None,1933,Chain lift hill,Out & Back,62.3352,0,37.28226,2296.56,39.9
Thunderation,Silver Dollar City,North America,Arrow,Steel,Lap bar,1993,Chain lift hill,Mine Train,82.02,0,47.845567,3021.6168,39.8
Pandemonium,Six Flags New England,North America,Gerstlauer,Steel,Lap bar,2005,Chain lift hill,"Spinning Cars, Twister",55.7736,0,31.06855,1345.128,39.7
Alpenexpress,Europa Park,Europe,Mack,Steel,Lap bar,1984,,E-Powered,19.6848,0,27.961695,866.1312,39.6
Tiger Express,La Mer de Sable,Europe,Mack,Steel,Lap bar,2011,Chain lift hill,Wild Mouse,45.9312,0,27.961695,1213.896,39.5
Kumali,Flamingo Land Theme Park and Zoo,Europe,Vekoma,Steel,Shoulder harness,2006,Chain lift hill,,124.6704,4,54.680648,2201.4168,39.5
Feuerdrache,Legoland Deutschland,Europe,Zierer,Steel,Lap bar,2002,Booster wheel lift hill,,52.4928,0,37.28226,2821.488,39.5
Exterminator,Kennywood,North America,Reverchon,Steel,Lap bar,1999,Chain lift hill,Spinning Wild Mouse,42.6504,0,29.204437,1377.936,39.4
Super Railway,Foire,Asia,Schwarzkopf,Steel,None,,Chain lift hill,,,0,,,39.2
Thunderbolt,Kennywood,North America,ACE Coaster Classic,Steel,Lap bar,1924,Chain lift hill,,95.1432,0,55.302019,2887.104,39.2
Fire In The Hole,Silver Dollar City,North America,Unknown,Steel,Lap bar,1972,,,,0,,,39.1
Tranan,Skara Sommarland,Europe,S&S,Steel,None,2009,Chain lift hill,Eagle,65.616,0,24.85484,1640.4,39.1
Atlantica SuperSplash,Europa Park,Europe,Mack,Steel,Lap bar,2005,Chain lift hill,Water Coaster,98.424,0,49.70968,1279.512,39
Euro Mir,Europa Park,Europe,Mack,Steel,Lap bar,1997,Spiral lift,Spinning,91.8624,0,49.70968,3215.184,38.6
Eurosat,Europa Park,Europe,Mack,Steel,Lap bar,,Spiral lift,Family,85.3008,0,37.28226,2877.2616,38.5
Pegasus,Mt. Olympus Water & Theme Park,North America,CCI,Steel,,1996,,,59.0544,0,,,38.4
Falcon,Duinrell,Europe,Gerstlauer,Steel,Shoulder harness,2009,,Euro-Fighter,72.1776,2,,1049.856,38.4
Dark Knight,Six Flags Great America,North America,Mack,Steel,Lap bar,2008,Chain lift hill,Wild Mouse,,0,,1213.896,38.4
Boomerang,Wiener Prater,Europe,Vekoma,Steel,Lap bar,1992,Chain lift hill,"Boomerang, Multielement Shuttle",118.1088,3,47.224196,935.028,38.1
Achterbahn,Skyline Park,Europe,Schwarzkopf,Steel,Lap bar,,Chain lift hill,Family,49.212,0,31.06855,1837.248,38.1
Laff Trakk,Hersheypark,North America,Maurer,Steel,Lap bar,2015,Chain lift hill,,,0,40.389115,1400.9016,37.9
West Coaster,Pacific Park,North America,Morgan,Steel,Lap bar,1996,Chain lift hill,,55.7736,0,34.796776,1299.1968,37.9
Mammut,Gardaland,Europe,Vekoma,Steel,Lap bar,2008,Chain lift hill,Mine Train,45.9312,0,31.06855,3379.224,37.7
Stampida (Blue),Port Aventura,Europe,CCI,Wooden,Lap bar,1997,Chain lift hill,Twister,85.3008,0,45.981454,3126.6024,37.6
Shockwave,Drayton Manor,Europe,Intamin,Steel,Shoulder harness,1994,Chain lift hill,,118.1088,4,49.70968,1640.4,37.6
Wild One,Six Flags America,North America,John Miller,Steel,Lap bar,1990,Chain lift hill,,98.424,0,52.816535,3999.2952,37.6
Stampida (Red),Port Aventura,Europe,CCI,Wooden,Lap bar,1997,Chain lift hill,Twister,85.3008,0,44.738712,3100.356,37.2
Thunderhawk,Dorney Park,North America,Philadelphia Toboggan Coaster,Wooden,Lap bar,1923,Chain lift hill,Twister,78.7392,0,39.767744,2772.276,37.2
Woodstock Express,Kings Dominion,North America,Philadelphia Toboggan Coaster,Steel,Lap bar,1974,Chain lift hill,,36.0888,0,34.796776,1384.4976,37.1
Wonder Mountain's Guardian,Canada's Wonderland,North America,ART Engineering GmbH,Steel,Lap bar,,Chain lift hill,Free Fall,59.0544,0,,1000.644,37
Invertigo,Kings Island,North America,Vekoma,Steel,Shoulder harness,,Chain lift hill,"Shuttle, Boomerang",160.7592,3,50.331051,1013.7672,36.8
Blazing Fury,Dollywood,North America,Unknown,Steel,Lap bar,1978,,,,0,,,36.6
Halvar,Plopsa Coo,Europe,Vekoma,Steel,Lap bar,,Chain lift hill,Terrain,,0,,1870.056,36.6
Cyclone,Luna Park,North America,Unknown,Wooden,Lap bar,1927,Chain lift hill,Twister,85.3008,0,60.272987,2851.0152,36.2
Colossus,Thorpe Park,Europe,Intamin,Steel,Shoulder harness,2002,Chain lift hill,Multielement,98.424,10,44.738712,2788.68,36.2
Naga Bay,Bobbejaanland,Europe,Maurer,Steel,Lap bar,2011,Chain lift hill,,55.7736,0,34.175405,1410.744,36
Alpine Coaster,Parc des Combes,Europe,Wiegand,Steel,Seatbelt,2007,Cable lift hill,,,0,,1427.148,35.9
SuperSplash,Plopsaland,Europe,Mack,Steel,Lap bar,2006,Vertical lift,,78.7392,0,42.253228,984.24,35.9
Adventure Express,Kings Island,North America,Arrow,Steel,Lap bar,1991,Chain lift hill,Mine Train,62.3352,0,34.796776,2962.5624,35.7
EqWalizer,Walibi Rhône Alpes,Europe,Vekoma,Steel,Lap bar,1988,Cable lift hill,"Shuttle, Boomerang",118.1088,3,47.224196,935.028,35.5
Dark Knight,Six Flags Great Adventure,North America,Mack,Steel,Lap bar,2008,Chain lift hill,Wild Mouse,,0,,1213.896,35.5
Avalanche,Kings Dominion,North America,Mack,Steel,Lap bar,1988,,Bobsled,60,0,35,,35.4
Mumbo Jumbo,Flamingo Land Theme Park and Zoo,Europe,S&S,Steel,Shoulder harness,2009,Chain lift hill,El Loco,98.424,2,,,34.9
Judge Roy Scream,Six flags Over Texas,North America,William J. Cobb,Steel,Lap bar,1980,Chain lift hill,,72.1776,0,52.816535,2673.852,34.6
Wildcat,Hersheypark,North America,GCI,Wooden,Lap bar,1996,Chain lift hill,Twister,88.5816,0,50.331051,3182.376,34.5
Aktium,CineCittà World,Europe,Mack,,None,,,,,0,,,34.5
La Vibora,Six flags Over Texas,North America,Intamin,Steel,Lap bar,1986,Chain lift hill,,59.0544,0,31.689921,1489.4832,34.4
Woodstock Express,Carowinds,North America,Philadelphia Toboggan Coaster,Wooden,Lap bar,1975,Chain lift hill,Twister,,0,,1354.9704,34.1
Spatiale Experience,Nigloland,Europe,Mack,Steel,Lap bar,1998,Spiral lift,Indoor,59.0544,0,37.28226,2624.64,34
Devil's Mine,Fort Fun Abenteuerland,Europe,Vekoma,Steel,Lap bar,1996,Chain lift hill,,65.616,0,,1345.128,33.5
Grizzly,Kings Dominion,North America,Unknown,Wooden,Lap bar,1982,Chain lift hill,Twister,88.5816,0,,3149.568,33.4
RC Racer,Walt Disney Studios,Europe,Intamin,Steel,Shoulder harness,2010,Magnetic Launch (LIM/LSM),Half Pipe,82.02,0,,269.0256,33.1
Journey To Atlantis,SeaWorld San Antonio,North America,Mack,Steel,Lap bar,2007,Chain lift hill,,98.424,0,49.70968,,32.7
Jimmy Neutron's Atomic Flyer,Movie Park Germany,Europe,Vekoma,Steel,Lap bar,2007,Chain lift hill,Family Inverted,42.6504,0,,964.5552,32.5
Racer 75 (Right Side),Kings Dominion,North America,Philadelphia Toboggan Coaster,Wooden,Lap bar,1975,Chain lift hill,,85.3008,0,55.92339,3369.3816,32.3
Steeplechase,Luna Park,North America,Zamperla,Steel,,2011,Flywheel,Motocoaster,65.616,0,39.767744,1194.2112,32.3
Huracan,Belantis,Europe,Gerstlauer,Steel,Shoulder harness,2010,Chain lift hill,Euro-Fighter,104.9856,5,52.816535,1837.248,32.1
Speed of Sound,Walibi Holland,Europe,Vekoma,Steel,Shoulder harness,2000,Chain lift hill,"Shuttle, Boomerang",114.828,3,46.602825,935.028,32
Bat Coaster,Nigloland,Europe,Pinfari,Steel,Shoulder harness,2002,Chain lift hill,,65.616,2,43.49597,1312.32,32
Runaway Mine Train,Alton Towers,Europe,Mack,Steel,Shoulder harness,1992,,E-Powered,19.6848,0,22.369356,1000.644,31.8
Velocity,Flamingo Land Theme Park and Zoo,Europe,Vekoma,Steel,Lap bar,2005,Hydraulic cable launch,,55.7736,0,52.195164,2109.5544,31.6
Gletscherblitz,Steinwasen Park,Europe,Mack,E-Powered,Lap bar,1998,,,,0,27.961695,,31.4
Pony Express,Knott's Berry Farm,North America,Zamperla,Steel,,2008,Flywheel,Motocoaster,42.6504,0,37.28226,1312.32,31.4
Super 8er Bahn,Wiener Prater,Europe,Pinfari,Steel,Lap bar,1997,Chain lift hill,,68.8968,0,,2559.024,31.2
Coastersaurus,Legoland Florida,North America,Martin & Vleminckx,Steel,Lap bar,2004,Chain lift hill,,39.3696,0,32.311292,1364.8128,30.9
Gaz Express,Bagatelle,Europe,Soquet,Steel,Lap bar,1987,Chain lift hill,"Mine Train, Family",39.3696,0,37.28226,1312.32,30.9
Hochschaubahn,Wiener Prater,Europe,Unknown,Wooden,None,1950,Chain lift hill,Family,49.212,0,34.175405,1476.36,30.8
Comet,Waldameer,North America,Philadelphia Toboggan Coaster,Wooden,Lap bar,1951,Chain lift hill,Twister,36.0888,0,24.85484,1299.1968,30.8
Georgia Cyclone,Six Flags Over Georgia,North America,Dinn Corp.,Wooden,Lap bar,1990,Chain lift hill,Twister,95.1432,0,50.331051,2969.124,30.8
Iron Dragon,Cedar Point,North America,Arrow,Steel,Shoulder harness,1987,Chain lift hill,,75.4584,0,39.767744,2821.488,30.8
Schweizer Bobbahn,Europa Park,Europe,Mack,Steel,Lap bar,1985,Chain lift hill,Bobsled,62.3352,0,31.06855,1597.7496,30.6
Odin Ekspressen,Tivoli Gardens,Europe,Mack,Steel,Lap bar,1985,Electrical lift hill,Freeform Powered,,0,37.28226,984.24,30.3
Psycho Mouse,California's Great America,North America,Arrow,Steel,Lap bar,2001,Chain lift hill,Wild Mouse,,0,,1256.5464,30
Linnunrata,Linnanmäki,Europe,Zierer,Steel,Lap bar,2000,Booster wheel lift hill,,22.9656,0,24.85484,1181.088,29.9
Le Grand canyon,Fraispertuis City,Europe,Soquet,Steel,Lap bar,,Chain lift hill,Family,39.3696,0,31.06855,1246.704,29.6
Train de Mine,Parc du Bocasse,Europe,Soquet,Steel,Lap bar,2004,Chain lift hill,,,0,,,29.4
Le Train de la Mine d'Or,Nigloland,Europe,Mack,Steel,Lap bar,1992,Electrical lift hill,E-Powered,26.2464,0,22.369356,,29.3
Apocalypse,Six Flags America,North America,B&M,Steel,Shoulder harness,2012,Chain lift hill,,101.7048,2,55.302019,2900.2272,29.2
Spinner,Skara Sommarland,Europe,Maurer,,Lap bar,2011,,,36.0888,0,22.369356,984.24,29.1
Dawson Duel (Right),Bellewaerde,Europe,Wiegand,,None,2017,Cable lift hill,,82.02,0,24.85484,1607.592,29.1
Roar,Six Flags America,North America,GCI,Steel,Lap bar,1998,Chain lift hill,,88.5816,0,50.331051,3198.78,29
Dawson Duel (Left),Bellewaerde,Europe,Wiegand,Family,None,2017,,,82.02,0,24.85484,1607.592,29
Rasender Roland,Hansa Park,Europe,Vekoma,Steel,Lap bar,1993,Chain lift hill,,52.4928,0,31.06855,1712.5776,28.8
Great American Scream Machine,Six Flags Over Georgia,North America,Philadelphia Toboggan Coaster,Wooden,Lap bar,1973,Chain lift hill,,104.9856,0,57.166132,3451.4016,28.2
Jaguar!,Knott's Berry Farm,North America,Zierer,Steel,Lap bar,1995,Booster wheel lift hill,Family,65.616,0,34.796776,2601.6744,28.2
Azteka,Le Pal,Europe,Soquet,Steel,Lap bar,2003,Chain lift hill,Family,55.7736,0,34.175405,1640.4,28.1
Grizzly,California's Great America,North America,Kings Island,Steel,Lap bar,1986,Chain lift hill,,91.8624,0,55.302019,3251.2728,27.9
Woodstock Express,Kings Island,North America,Philadelphia Toboggan Coaster,Wooden,Lap bar,1972,Chain lift hill,Twister,,0,,1348.4088,27.8
El Diablo,Port Aventura,Europe,Arrow,Steel,Lap bar,1995,Chain lift hill,Mine Train,55.7736,0,,3307.0464,27.5
Joyride,PowerPark,Europe,L&T Systems,Steel,Lap bar,2003,Chain lift hill,,52.4928,0,,918.624,27.5
Boomerang,Toverland,Europe,Vekoma,Steel,Lap bar,2001,Booster wheel lift hill,Enclosed Junior,30,0,,,27.5
Roller Coaster Mayan,Energylandia,Europe,Vekoma,Steel,Shoulder harness,,Chain lift hill,SLC,108.2664,5,49.70968,2260.4712,27.3
Dynamite Express,Drievliet Family Park,Europe,Mack,Steel,Lap bar,2005,Electrical lift hill,E-Powered,36.0888,0,,859.5696,27.3
Tabalugas Achterbahn,Holiday Park,Europe,Zierer,Steel,Lap bar,,Booster wheel lift hill,"Family, Indoor",29.5272,0,24.85484,728.3376,27.3
Grottenblitz,Heide Park,Europe,Mack,Steel,Lap bar,1985,,E-Powered,19.6848,0,27.961695,1213.896,27.2
Cagliostro,Rainbow MagicLand,Europe,Maurer,Steel,Lap bar,2011,Chain lift hill,,55.7736,0,36.039518,1410.744,26.9
Olandese Volante,Rainbow MagicLand,Europe,Vekoma,Steel,Lap bar,2011,Chain lift hill,Mine Train,45.9312,0,29.825808,2234.2248,26.8
Silver Streak,Canada's Wonderland,North America,Vekoma,Steel,Shoulder harness,,Booster wheel lift hill,Family,49.212,0,26.097582,1122.0336,26.7
X-Treme Racer,Legoland Billund,Europe,Mack,Steel,Lap bar,2002,Chain lift hill,Wild Mouse,52.4928,0,34.796776,1312.32,26.6
Rioolrat,Avonturenpark Hellendoorn,Europe,Vekoma,Steel,Lap bar,1996,,,,0,27.961695,1000.644,26.2
Mean Streak,Cedar Point,North America,Dinn Corp.,Wooden,Lap bar,1991,Chain lift hill,Twister,160.7592,0,62.1371,5426.4432,26.2
RC Racer,Hong Kong Disneyland,Asia,Intamin,Steel,Shoulder harness,2011,Magnetic Launch (LIM/LSM),Half Pipe,82.02,0,,262.464,25.9
Flight of the Hippogriff,Universal Studios Hollywood,North America,Mack,Steel,Lap bar,2016,,YoungStar,,0,,984.24,25.7
Runaway Mountain,Six flags Over Texas,North America,Premier Rides,Steel,Lap bar,1996,Chain lift hill,,52.4928,0,39.767744,1496.0448,25.7
Gold Rusher,Six Flags Magic Mountain,North America,Arrow,Steel,Lap bar,1971,Chain lift hill,Mine Train,68.8968,0,34.796776,2591.832,25.6
Timber Wolf,Worlds of Fun,North America,Dinn Corp.,Wooden,Lap bar,1989,Chain lift hill,Twister,101.7048,0,52.816535,4232.232,24.9
Bob Express,Bobbejaanland,Europe,Mack,Steel,Lap bar,2000,Electrical lift hill,E-Powered,32.808,0,22.369356,1709.2968,24.8
Mighty Canadian Minebuster,Canada's Wonderland,North America,Philadelphia Toboggan Coaster,Wooden,Lap bar,1981,Chain lift hill,Twister,88.5816,0,55.92339,3828.6936,24.8
Trailblazer,Hersheypark,North America,Arrow,Steel,Lap bar,1974,Chain lift hill,Mine Train,,0,,,24.6
Steampunk Hunters,TusenFryd,Europe,Vekoma,Steel,Lap bar,2012,Booster wheel lift hill,,42.6504,0,28.583066,1099.068,24.6
Grampus Jet,Greenland,Asia,Vekoma,Steel,Shoulder harness,1994,Chain lift hill,,,0,,,24.6
Famous jack,Bagatelle,Europe,Reverchon,Steel,Lap bar,,Chain lift hill,Wild Mouse,42.6504,0,29.204437,1377.936,24.6
Shaman,Gardaland,Europe,Vekoma,Steel,Shoulder harness,1985,Chain lift hill,Looper,98.424,4,43.49597,2296.56,24.4
Euro Loop,Europark,Europe,Vekoma,Steel,Shoulder harness,2004,Chain lift hill,Looper,98.424,4,40.389115,,24.3
Course de Bobsleigh,Nigloland,Europe,Schwarzkopf,Steel,Lap bar,1995,Electrical lift hill,,49.212,0,40.389115,1476.36,24.1
Plohseidon,Freizeitpark Plohn,Europe,Zierer,Steel,Lap bar,,Booster wheel lift hill,Family,,0,,1640.4,24
Indiana Jones et le Temple du Péril,Disneyland Park,Europe,Intamin,Steel,Shoulder harness,1993,Chain lift hill,Looper,59.0544,1,36.039518,1856.9328,23.9
Tornado,Legendia,Europe,Soquet,Steel,Shoulder harness,2007,Chain lift hill,Looper,,2,,,23.8
Big Apple Coaster,"New York, New York Hotel & Casino",North America,Togo,Steel,Shoulder harness,1997,Chain lift hill,Looper,203.4096,2,67.108068,4776.8448,23.7
L'Aérotrain,Parc Saint Paul,Europe,Vekoma,Steel,Lap bar,2014,Booster wheel lift hill,,36.0888,0,,721.776,23.7
Vertigo,Parque de Atracciones de Madrid,Europe,Mack,Steel,Lap bar,2009,Chain lift hill,Wild Mouse,45.9312,0,27.961695,1213.896,23.6
Schlitt' Express,Nigloland,Europe,Mack,Steel,Lap bar,2007,Chain lift hill,Wild Mouse,45.9312,0,27.961695,1213.896,23.2
Green Lantern : First Flight,Six Flags Magic Mountain,North America,Intamin,Steel,Shoulder harness,2011,Chain lift hill,ZacSpin,108.2664,0,37.28226,826.7616,23.2
Racing,Bakken,Europe,Zierer,Steel,,1980,,,,0,,,23
Blue Flyer,Blackpool Pleasure Beach,Europe,Charles Paige,Steel,Lap bar,1934,Chain lift hill,,,0,,2296.56,22.8
Hurler,Kings Dominion,North America,Philadelphia Toboggan Coaster,Wooden,Lap bar,1994,Chain lift hill,Twister,82.02,0,49.70968,3156.1296,22.6
Flying Cobras,Carowinds,North America,Vekoma,Steel,Shoulder harness,2009,Chain lift hill,"Shuttle, Boomerang",118.1088,3,47.224196,935.028,22.4
Dragon,Adventureland,North America,Hopkins,Steel,Shoulder harness,1991,Chain lift hill,Looping,88.5816,2,,2250.6288,22.4
Python,Efteling,Europe,Vekoma,Steel,Shoulder harness,1981,Chain lift hill,Loop Corkscrew,95.1432,4,46.602825,2460.6,22.2
Dragon,Legoland Florida,North America,Vekoma,Steel,Lap bar,2004,Booster wheel lift hill,,42.6504,0,28.583066,1099.068,22.2
Euro Speed,Europark,Europe,Mack,Steel,Lap bar,2009,,E-Powered,,0,,,22.1
Ghoster Coaster,Canada's Wonderland,North America,Philadelphia Toboggan Coaster,Wooden,Lap bar,1981,Chain lift hill,Twister,42.6504,0,34.796776,1354.9704,22.1
Monstre,La Ronde,North America,William J. Cobb,Wooden,Lap bar,1985,Chain lift hill,Twister,127.9512,0,59.651616,3996.0144,22
Crazy Mine,Hansa Park,Europe,Maurer,Steel,Lap bar,1997,Chain lift hill,Wild Mouse,49.212,0,27.961695,1213.896,21.8
La Machine à Vapeur,Jardin d'Acclimatation,Europe,Soquet,Steel,Lap bar,1999,Electrical lift hill,E-Powered,,0,24.85484,,21.7
Flagermusen,Farup Sommerland,Europe,Reverchon,Steel,Lap bar,2001,Chain lift hill,,42.6504,0,29.204437,1377.936,21.7
Dragen,Legoland Billund,Europe,Mack,Steel,Lap bar,1997,Electrical lift hill,E-Powered,,0,,,21.6
Project X - Test Strecke,Legoland Deutschland,Europe,Mack,Steel,Lap bar,2002,Chain lift hill,Wild Mouse,52.4928,0,34.796776,1312.32,21.6
Tickler,Luna Park,North America,Zamperla,Steel,Shoulder harness,2010,Chain lift hill,Spinning Wild Mouse,,0,,1378,21.5
Sky Spin,Skyline Park,Europe,Maurer,Steel,,2013,,,,0,,,21.2
Hurler,Carowinds,North America,CCI,Steel,Lap bar,1994,Chain lift hill,,82.02,0,50.331051,3156.1296,20.9
Draak,Plopsaland,Europe,Mack,Steel,Lap bar,2004,Electrical lift hill,E-Powered,45.9312,0,22.369356,1476.36,20.6
Vilde Mus,Bakken,Europe,Mack,Wild Mouse,None,,,,,0,,,20.5
Les Souris Mécaniques,Jardin d'Acclimatation,Europe,Reverchon,Steel,Lap bar,,Chain lift hill,Wild Mouse,19.6848,0,,,20.5
Rattlesnake,Chessington World of Adventures,Europe,Maurer,Steel,Lap bar,1998,Chain lift hill,Wild Mouse,49.212,0,27.961695,1213.896,20.2
Ricochet,Carowinds,North America,Mack,Steel,Lap bar,2002,Chain lift hill,Wild Mouse,45.9312,0,27.961695,1213.896,20.2
Skull Mountain,Six Flags Great Adventure,North America,Intamin,Wooden,Lap bar,1996,Booster wheel lift hill,Twister,39.3696,0,32.932663,,20
Neo's Twister,PowerPark,Europe,Fabbri,Wild Mouse,Lap bar,2011,Chain lift hill,,32.808,0,,1377.936,19.9
Ghost Chasers,Movie Park Germany,Europe,Mack,Steel,Lap bar,2000,Chain lift hill,Wild Mouse,45.9312,0,27.961695,1213.896,19.9
Furio,Dennlys Parc,Europe,Soquet,Steel,Lap bar,2003,Chain lift hill,,,0,,,19.8
Fly,Canada's Wonderland,North America,Mack,Steel,Lap bar,1999,Chain lift hill,Wild Mouse,52.4928,0,34.796776,1312.32,19.8
Viper,Six Flags Magic Mountain,North America,Arrow,Steel,Shoulder harness,1990,Chain lift hill,Looper,187.0056,7,69.593552,3828.6936,19.7
Wildcat,Lake Compounce,North America,Charlie Dinn,Steel,Lap bar,1927,Chain lift hill,,85.3008,0,47.845567,2746.0296,19.6
Lost Coaster of Superstition Mountain,Indiana Beach,North America,CCI,Wooden,,2002,Chain lift hill,,36.0888,0,19.883872,1400.9016,19.6
Déval' Train,Parc des Combes,Europe,Vekoma,Steel,Lap bar,2003,Booster wheel lift hill,Junior Coaster,29.5272,0,21.747985,679.1256,19.5
Scorpion Express,Chessington World of Adventures,Europe,Mack,Steel,Lap bar,1987,,E-Powered,19.6848,0,22.369356,803.796,19.4
Temple of the Night Hawk,Phantasialand,Europe,Vekoma,Steel,Lap bar,1988,Chain lift hill,Indoor Freeform,26.2464,0,31.06855,4199.424,19.2
Virtual Express,Tibidabo,Europe,Zamperla,Steel,Lap bar,,Electrical lift hill,E-Powered,,0,,,18.8
Enchanted Airways,Universal Studios Singapore,Asia,Vekoma,Steel,Lap bar,2010,Chain lift hill,Junior,,0,,1148.28,18.7
Wild Beast,Canada's Wonderland,North America,Philadelphia Toboggan Coaster,Wooden,Lap bar,1981,Chain lift hill,Twister,82.02,0,55.92339,3149.568,18.7
Mine Expressen,Farup Sommerland,Europe,Vekoma,Steel,Lap bar,1992,Booster wheel lift hill,,42.6504,0,28.583066,1099.068,18.5
Woodstock Express,Cedar Point,North America,Vekoma,Steel,Lap bar,1999,Booster wheel lift hill,Junior Twister,42.6504,0,28.583066,1099.068,18.5
Cobra,Tivoli Friheden,Europe,Sartori,Steel,Shoulder harness,2008,Chain lift hill,,68.8968,3,40.389115,1312.32,18.4
Apple Zapple,Kings Dominion,North America,Mack,Steel,Lap bar,2002,Chain lift hill,Wild Mouse,52.4928,0,34.796776,1312.32,18.3
Thunder Run,Canada's Wonderland,North America,Mack,Steel,Lap bar,1981,Electrical launch,E-Powered,32.808,0,39.767744,1082.664,18.2
Flying Ace Aerial Chase,Kings Island,North America,Vekoma,Steel,Shoulder harness,2001,Chain lift hill,,49.212,0,26.097582,1122.0336,18
Vortex,Carowinds,North America,B&M,Steel,Shoulder harness,1992,Chain lift hill,,88.5816,2,50.331051,2040.6576,17.9
Express,Fraispertuis City,Europe,Soquet,Steel,Lap bar,1987,Chain lift hill,,,0,,,17.8
Le Vol d'Icare,Parc Asterix,Europe,Zierer,Steel,Lap bar,,Booster wheel lift hill,Family,36.0888,0,26.097582,1345.128,17.6
Woodstock Express,Walibi Rhône Alpes,Europe,Zamperla,Steel,Lap bar,2002,Chain lift hill,Wild Mouse,,0,,721.776,17.4
Wild Mouse,Dorney Park,North America,Maurer,Steel,Lap bar,2000,Chain lift hill,Wild Mouse,49.212,0,27.961695,1213.896,17.4
Dragon,La Ronde,North America,Intamin,Steel,Lap bar,1994,Booster wheel lift hill,,,0,,,17.4
Comet,Walygator Parc,Europe,Vekoma,Steel,Shoulder harness,,Chain lift hill,Looper,78.7392,3,39.767744,,17.4
Wild Mouse,Hersheypark,North America,Mack,Steel,Lap bar,1999,Chain lift hill,Wild Mouse,45.9312,0,27.961695,1213.896,17.3
Rollerskater,Plopsaland,Europe,Vekoma,Steel,Lap bar,1990,Booster wheel lift hill,,42.6504,0,27.961695,1099.068,17.3
Canopy Flyer,Universal Studios Singapore,Asia,SetPoint,Steel,Lap bar,,Chain lift hill,Family,,0,,,17.1
Ednör,La Ronde,North America,Vekoma,Steel,Shoulder harness,,Chain lift hill,SLC,111.5472,5,49.70968,2260.4712,17
Donderstenen,Avonturenpark Hellendoorn,Europe,Zierer,Steel,Lap bar,2005,Booster wheel lift hill,,29.5272,0,24.233469,728.3376,17
Sand Serpent,Busch Gardens Tampa,North America,Mack,Steel,Lap bar,2004,Chain lift hill,Wild Mouse,45.9312,0,27.961695,1213.896,17
Maskerade,Wiener Prater,Europe,Gerstlauer,Steel,Lap bar,,Vertical lift,Indoor,32.808,0,24.85484,774.2688,17
Tulireki,Linnanmäki,Europe,Mack,Steel,Lap bar,2004,,,55.7736,0,36.039518,1102.3488,17
Green Scream,Adventure Island,Europe,Zierer,Steel,Lap bar,1999,Booster wheel lift hill,Twister,42,0,,,16.5
Brontojet,Movieland Park,Europe,Schwarzkopf,Steel,Lap bar,2010,Electrical lift hill,,36.0888,0,,1361.532,16.3
Pikajuna,Linnanmäki,Europe,Mack,Steel,Lap bar,1990,Electrical lift hill,E-Powered,22.9656,0,22.990727,961.2744,16.3
The Walking Dead - The Ride,Thorpe Park,Europe,Vekoma,Steel,Lap bar,1996,Booster wheel lift hill,"Family, Indoor",42.6504,0,27.961695,1312.32,15.9
Sky Rider,Skyline Park,Europe,Caripro,Steel,Lap bar,2001,Vertical lift,,,0,,,15.9
Carolina Goldrusher,Carowinds,North America,Arrow,Hybrid,Lap bar,1973,Chain lift hill,Mine Train,,0,,2398.2648,15.7
Kung Fu Panda Master,Gardaland,Europe,Fabbri,Steel,Lap bar,2016,Chain lift hill,,45.9312,0,7.456452,,15.6
Wild Mouse,Beech Bend,North America,Zamperla,Steel,Lap bar,2005,Chain lift hill,Wild Mouse,42.6504,0,29.204437,1377.936,15.6
Dragon Fire,Canada's Wonderland,North America,Arrow,Steel,Shoulder harness,1981,Chain lift hill,Looper,78.7392,4,50.331051,2158.7664,15.5
G Force,Drayton Manor,Europe,Maurer,Steel,Lap bar,2005,Chain lift hill,Looper,82.02,3,43.49597,1263.108,15.5
Canyon Blaster,Great Escape,North America,Arrow,Steel,Lap bar,2003,Chain lift hill,Mine Train,55.7736,0,44.738712,2001.288,15.3
Big Loop,Heide Park,Europe,Vekoma,Steel,Shoulder harness,1983,Chain lift hill,Double Loop Corkscrew,98.424,4,39.146373,2316.2448,14.9
La Souris verte,Parc Saint Paul,Europe,Zamperla,Steel,Lap bar,2007,Chain lift hill,Wild Mouse,42.6504,0,33.554034,,14.6
Demon,Six Flags Great America,North America,Arrow,Steel,Shoulder harness,1976,Chain lift hill,Looper,101.7048,4,50.331051,2129.2392,14.6
Cedar Creek Mine Ride,Cedar Point,North America,Arrow,Hybrid,Lap bar,1969,Chain lift hill,Mine Train,49.212,0,31.06855,2539.3392,14.6
Tig'rr Coaster,Indiana Beach,North America,Schwarzkopf,,Lap bar,1984,Chain lift hill,,45.9312,0,31.06855,1765.0704,14.4
Anaconda,Kings Dominion,North America,Arrow,Steel,Shoulder harness,1991,Chain lift hill,Looper,144.3552,4,50.331051,2700.0984,14.2
Tokio express,Foire,Asia,Soquet,Steel,Lap bar,1992,Electrical launch,"E-Powered, Family",,0,,,14.2
Tornado,Adventureland,North America,William J. Cobb,Steel,Lap bar,1978,Chain lift hill,,91.8624,0,57.787503,2841.1728,14.1
Gadget's Go Coaster,Disneyland,North America,Vekoma,Steel,Lap bar,1993,Booster wheel lift hill,,29.5272,0,21.747985,679.1256,14.1
Dragon,Jardin d'Acclimatation,Europe,Soquet,Steel,Lap bar,1987,Chain lift hill,,16.404,0,,656.16,13.9
Gotham City Gauntlet: Escape from Arkham Asylum,Six Flags New England,North America,Maurer,Steel,Lap bar,2011,Chain lift hill,Wild Mouse,49.212,0,27.961695,1213.896,13.7
Gruvbanan,Skara Sommarland,Europe,Mack,E-Powered,Lap bar,1987,,,,0,,,13.6
Twistrix,Drievliet Family Park,Europe,Maurer,Steel,Lap bar,2001,Booster wheel lift hill,,,0,,,13.3
Boomerang,Bellewaerde,Europe,Vekoma,Steel,Shoulder harness,1984,Cable lift hill,"Shuttle, Boomerang",118.1088,3,47.224196,935.028,13
Dream Hunters Society,Legendia,Europe,Unknown,Steel,Lap bar,,Chain lift hill,Zyklon Z47,,0,,,13
Vortex,Kings Island,North America,Arrow,Steel,Shoulder harness,1987,Chain lift hill,Looper,147.636,6,55.302019,3799.1664,12.8
Canyon Blaster,Adventuredome,North America,Arrow,Steel,Shoulder harness,1993,Chain lift hill,Looper,95.1432,4,41.010486,2424.5112,12.8
Le Train de la Mine,Cigoland,Europe,Soquet,Steel,Lap bar,2002,,Mine Train,22.9656,0,22.369356,,12.7
Dizzy Mouse,Wiener Prater,Europe,Reverchon,Steel,Lap bar,,Chain lift hill,Wild Mouse,42.6504,0,29.204437,1377.936,12.6
Tyfonen,Tivoli Friheden,Europe,Zamperla,Steel,Lap bar,2006,Chain lift hill,Wild Mouse,42.6504,0,29.204437,1377.936,12.6
Runaway Mine Train,Six Flags Great Adventure,North America,Arrow,Steel,Lap bar,1974,Chain lift hill,Mine Train,,0,37.903631,,12.4
Formula One,Magic Park Land,Europe,Fabbri,Steel,Shoulder harness,,Chain lift hill,Wild Mouse,42.6504,0,29.204437,1377.936,12.3
Primeval Whirl,Disney's Animal Kingdom,North America,Reverchon,Steel,Lap bar,2002,Chain lift hill,Dual Wild Mouse,42.6504,0,29.204437,1377.936,12.2
Speedy Bob (Right),Bobbejaanland,Europe,Mack,Steel,Lap bar,,Chain lift hill,Wild Mouse,45.9312,0,27.961695,1213.896,12
Gold Digger,Mirabilandia,Europe,L&T Systems,Steel,Lap bar,1998,Chain lift hill,Wild Mouse,49.212,0,21.747985,1181.088,11.9
Tornado,Avonturenpark Hellendoorn,Europe,Vekoma,Steel,Shoulder harness,1990,Chain lift hill,Looper,82.02,2,43.49597,1509.168,11.9
Kopermijn,Drievliet Family Park,Europe,Maurer,Steel,Lap bar,1996,Chain lift hill,Wild Mouse,49.212,0,27.961695,1213.896,11.8
Drakkar,Didiland,Europe,Soquet,Steel,Lap bar,2000,Chain lift hill,Junior Coaster,,0,,,11.7
Infusion,Blackpool Pleasure Beach,Europe,Vekoma,Steel,Shoulder harness,2007,Chain lift hill,,111.5472,5,49.70968,2260.4712,11.6
Primeval Whirl (2),Disney's Animal Kingdom,North America,Reverchon,Steel,Lap bar,,Chain lift hill,Wild Mouse,42.6504,0,29.204437,1377.936,11.4
Sequoia Adventure,Gardaland,Europe,S&S,Steel,Shoulder harness,2005,,Screaming Squirrel,98.424,0,,,11.4
Goofy's Sky School,Disney California Adventure,North America,Mack,Steel,Lap bar,2001,Chain lift hill,Wild Mouse,,0,27.340324,,11.3
Super Manège,La Ronde,North America,Vekoma,Steel,Lap bar,1981,Chain lift hill,Looper,75.4584,2,39.767744,2401.5456,11.1
Soarin' Eagle,Luna Park,North America,Zamperla,Steel,Flying restraint,2011,Spiral lift,Flying,49.212,2,25.476211,1282.7928,10.9
Wild Mouse,Nagashima Spa Land,Asia,Mack,Steel,Lap bar,1996,Chain lift hill,Wild Mouse,45.9312,0,28,1213.896,10.7
Crazy Mouse (Degousse),Foire,Asia,Reverchon,Steel,,,,,,0,,,10.7
Rockstar Coaster,Fun Spot Kissimmee,North America,Zamperla,,None,2011,,,42.6504,0,29.204437,1377.936,10.5
Puss in Boots Giant Journey,Universal Studios Singapore,Asia,Zamperla,Steel,None,,Spiral lift,Family,55.7736,0,,1400.9016,10.4
River King Mine Train,Six Flags St Louis,North America,Arrow,Steel,Lap bar,1971,Chain lift hill,Mine Train,42.6504,0,37.28226,2499.9696,10.3
Wilde Maus,Wiener Prater,Europe,Maurer,Steel,Lap bar,1997,Chain lift hill,Wild Mouse,49.212,0,27.961695,1213.896,10.3
Toboggan Nordique,La Ronde,North America,Zamperla,Steel,Lap bar,2003,Chain lift hill,Wild Mouse,42.6504,0,11.184678,885.816,10.1
Goudurix,Parc Asterix,Europe,Vekoma,Steel,Shoulder harness,,Chain lift hill,Looper,121.3896,7,46.602825,3116.76,10
Dream catcher,Bobbejaanland,Europe,Vekoma,Steel,Shoulder harness,1987,Chain lift hill,,82.02,0,27.961695,1968.48,10
Kiddy Hawk,Carowinds,North America,Vekoma,Steel,Shoulder harness,,Booster wheel lift hill,Family,49.212,0,26.097582,1122.0336,9.6
Runaway Mine Train,Six flags Over Texas,North America,Arrow,Steel,Lap bar,1966,Chain lift hill,Mine Train,36.0888,0,,2398.2648,9.4
Crazy Coaster,South Pier,Europe,Reverchon,,Lap bar,2018,,,,0,,,9.2
Coast Rider,Knott's Berry Farm,North America,Mack,Steel,Lap bar,2013,Chain lift hill,Wild Mouse,52.4928,0,35,1345.128,9.1
Train de la Mine,Papea Parc,Europe,Soquet,Steel,Lap bar,1995,Chain lift hill,Family,,0,,,8.8
Crazy Mouse,Foire,Asia,Reverchon,Steel,Lap bar,1996,Chain lift hill,,42.6504,0,31.06855,1377.936,8.8
Bandit,Movie Park Germany,Europe,RCCA,Wooden,Lap bar,1999,Chain lift hill,Twister,91.8624,0,49.70968,3605.5992,8.2
Orkanens Øje,Tivoli Friheden,Europe,Pinfari,Steel,Lap bar,1986,Chain lift hill,Looper,36.0888,1,,1197.492,8
Cobra,Walibi Belgium,Europe,Vekoma,Steel,Shoulder harness,2001,Cable lift hill,"Boomerang, Multielement Shuttle",118.1088,3,47.224196,935.028,7.9
Buffalo Mountain Coaster,Drayton Manor,Europe,Zamperla,Steel,Lap bar,1987,,E-Powered,,0,,,7.9
Turbo coaster,Brighton pier,Europe,Pinfari,Steel,Shoulder harness,,Chain lift hill,Looper,36.0888,1,,1197.492,7.8
Sidewinder,Hersheypark,North America,Vekoma,Steel,Lap bar,1991,Cable lift hill,Shuttle,118.1088,3,47.224196,935.028,7.6
Dahlonega Mine Train,Six Flags Over Georgia,North America,Arrow,Steel,Lap bar,1967,Chain lift hill,Mine Train,36.0888,0,29.204437,2322.8064,7
Anaconda,Walygator Parc,Europe,William J. Cobb,Wooden,Lap bar,1989,Chain lift hill,Out & Back,114.828,0,52.816535,3936.96,6.9
Boomerang Coast to Coaster,Great Escape,North America,Vekoma,Steel,Shoulder harness,1997,Cable lift hill,Shuttle,118.1088,3,47.224196,935.028,6.8
Nitro,Dennlys Parc,Europe,Preston & Barbieri,Steel,Lap bar,2010,Chain lift hill,,32.808,0,31.06855,1509.168,6.8
Bat,Canada's Wonderland,North America,Vekoma,Steel,Shoulder harness,1987,Cable lift hill,"Shuttle, Boomerang",118.1088,3,47.224196,935.028,6.7
Vampire,Walibi Belgium,Europe,Vekoma,Steel,Shoulder harness,1999,Chain lift hill,Suspended Looping,108.2664,5,49.70968,2260.4712,6.5
Corkscrew,Cedar Point,North America,Arrow,Steel,Shoulder harness,1976,Chain lift hill,Looper,75.4584,3,43.49597,2017.692,6.5
Scary Toys Factory,Legendia,Europe,Unknown,Steel,Lap bar,,Chain lift hill,Zyklon Z47,,0,,,6.4
Carolina Cyclone,Carowinds,North America,Arrow,Steel,Shoulder harness,1980,Chain lift hill,Looper,65.616,4,41.010486,2099.712,6.3
Flying Fish,Thorpe Park,Europe,Mack,Steel,Lap bar,1983,,E-Powered,19.6848,0,18.64113,767.7072,6.3
Spinning Out,Beech Bend,North America,SBF,Steel,Lap bar,2016,Booster wheel lift hill,,,0,,,6.1
Rexplorer,Mirabilandia,Europe,Mack,Steel,Lap bar,1992,,E-Powered,13.1232,0,22.369356,820.2,5.9
Zoomerang,Lake Compounce,North America,Vekoma,Steel,Shoulder harness,1997,Cable lift hill,Shuttle,114.828,3,46.602825,935.028,5.8
Blue Tornado,Gardaland,Europe,Vekoma,Steel,Shoulder harness,1998,Chain lift hill,Suspended Looping,108.2664,5,49.70968,2509.812,5.7
Loopen,TusenFryd,Europe,Vekoma,Steel,Shoulder harness,1988,Chain lift hill,Loop Corkscrew,61,2,40,,5.7
Imoogi,Le Fleury,Europe,Pinfari,Steel,None,2016,Chain lift hill,"Zyklon Z47, Family",55.7736,0,,,5.3
Blue Hawk,Six Flags Over Georgia,North America,Vekoma,Steel,Shoulder harness,1992,Chain lift hill,Looper,121.3896,5,52.195164,2742.7488,5.1
Ninja,Six Flags St Louis,North America,Vekoma,Steel,Shoulder harness,1989,Chain lift hill,Looper,108.2664,4,54.680648,2431.0728,5
King,Foire,Asia,Soquet,Steel,Shoulder harness,1995,Chain lift hill,,91.8624,0,55.92339,2362.176,5
Steamin' Demon,Great Escape,North America,Arrow,Steel,Shoulder harness,1984,Chain lift hill,Looper,68.8968,3,43.49597,1601.0304,5
Mind Eraser,Six Flags New England,North America,Vekoma,Steel,Shoulder harness,1997,Chain lift hill,SLC,111.5472,5,49.70968,2260.4712,4.9
T3,Kentucky Kingdom,North America,Vekoma,Steel,Shoulder harness,1995,Chain lift hill,Suspended Looping,101.7048,5,49.70968,2171.8896,4.2
Master Thaï,Mirabilandia,Europe,Preston & Barbieri,Steel,Lap bar,2011,Chain lift hill,Family,36.0888,0,,1410.744,4.1
Boomerang,Six Flags St Louis,North America,Vekoma,Steel,Shoulder harness,2013,Chain lift hill,Boomerang,118.1088,3,46.602825,875.9736,4
MP-Xpress,Movie Park Germany,Europe,Vekoma,Steel,Shoulder harness,2001,Chain lift hill,Suspended Looping,108.2664,5,49.70968,2260.4712,3.8
Trombi,Särkänniemi Amusement Park,Europe,Zamperla,Steel,Flying restraint,2005,Electrical lift hill,,49.212,2,25.476211,1282.7928,3.7
Mind Eraser,Six Flags America,North America,Vekoma,Steel,Shoulder harness,1995,Chain lift hill,SLC,108.2664,5,49.70968,2260.4712,3.2
Boomerang Coast to Coaster,Six Flags Discovery Kingdom,North America,Vekoma,Steel,Shoulder harness,1998,Chain lift hill,"Shuttle, Boomerang",118.1088,3,47.224196,935.028,3.1
Boomerang,Worlds of Fun,North America,Vekoma,Steel,Shoulder harness,2000,Cable lift hill,Shuttle,118.1088,3,47.224196,935.028,3
Familienachterbahn,Schloss Beck Freizeitpark,Europe,Zierer,Tivoli Medium,None,,,,,0,,,3
Coaster Express,Parque Warner Madrid,Europe,RCCA,Wooden,Lap bar,2002,Chain lift hill,Twister,118.1088,0,55.92339,4573.4352,3
Flashback,Six Flags New England,North America,Vekoma,Steel,Shoulder harness,2000,Chain lift hill,"Shuttle, Boomerang",118.1088,3,46.602825,875.9736,2.7
Limit,Heide Park,Europe,Vekoma,Steel,Shoulder harness,1999,Chain lift hill,Suspended Looping,108.2664,5,49.70968,2260.4712,2.7
Boomerang,La Ronde,North America,Vekoma,Steel,Shoulder harness,1984,Cable lift hill,"Shuttle, Boomerang",118.1088,3,47.224196,935.028,2.7
Demon,California's Great America,North America,Arrow,Steel,Shoulder harness,1976,Chain lift hill,Looper,101.7048,4,50.331051,2129.2392,2.6
Flight Deck,Canada's Wonderland,North America,Vekoma,Steel,Shoulder harness,,Chain lift hill,SLC,108.2664,5,49.70968,3244.7112,2.2
Time Warp,Canada's Wonderland,North America,Zamperla,Steel,Flying restraint,2004,Electrical lift hill,"Flying, Volare",49.212,2,25.476211,1282.7928,1.4
Kong,Six Flags Discovery Kingdom,North America,Vekoma,Steel,Shoulder harness,1998,Chain lift hill,SLC,111.5472,5,49.70968,2260.4712,0.6
Viking Roller Coaster,Energylandia,Europe,SBF,Steel,Shoulder harness,,Chain lift hill,Wild Mouse,42.6504,0,,1049.856,0.6
El Condor,Walibi Holland,Europe,Vekoma,Steel,Shoulder harness,1994,Chain lift hill,Suspended Looping,101.7048,5,49.70968,2171.8896,0.5
Volare,Wiener Prater,Europe,Zamperla,Steel,Flying restraint,2004,Spiral lift,"Flying, Volare",68.8968,2,31.06855,1436.9904,0.3
